Year,Rslt,H,HR,SB,BB,WPA
2014,"L,2-6",1,0,0,0,0.026
2014,"L,1-3",0,0,0,1,-0.051
2014,"W,4-2",1,0,0,1,0.089
2014,"L,0-4",0,0,0,2,0.180
2014,"W,6-4",2,0,0,0,0.007
2014,"W,4-2",1,0,0,0,-0.017
2014,"L,5-14",1,0,0,0,-0.041
2014,"L,4-5",1,0,0,0,-0.062
2014,"W,4-1",2,0,0,0,0.006
2014,"L,2-4",1,0,0,0,-0.117
2014,"W,2-0",1,0,0,0,-0.010
2014,"W,10-2",2,0,0,1,0.082
2014,"L,5-11",1,0,0,0,-0.033
2014,"W,5-1",1,0,0,1,0.025
2014,"W,9-3",2,0,0,1,0.152
2014,"L,1-5",0,0,0,0,-0.111
2014,"W,14-5",2,0,0,1,-0.012
2014,"L,1-13",1,0,0,1,0.022
2014,"W,4-3",1,0,0,0,0.005
2014,"W,3-2",0,0,0,0,-0.147
2014,"L,3-6",1,0,0,0,-0.118
2014,"L,2-4",1,0,0,0,-0.057
2014,"L,5-10",0,0,0,0,-0.278
2014,"L,1-5",0,0,0,0,-0.091
2014,"L,1-4",2,0,0,0,-0.133
2014,"W,4-3",1,0,0,1,0.101
2014,"W,9-2",2,1,0,0,0.132
2014,"W,5-3",0,0,0,0,-0.054
2014,"L,5-6",1,0,0,0,-0.164
2014,"L,7-9",3,0,0,1,0.124
2014,"L,7-12",0,0,0,2,-0.098
2014,"W,4-0",1,0,0,0,-0.019
2014,"W,1-0",0,0,0,0,-0.204
2014,"W,7-1",2,0,0,0,0.026
2014,"W,4-3",1,0,0,0,0.020
2014,"L,3-5",1,0,0,0,0.099
2014,"L,1-6",2,0,1,0,-0.025
2014,"W,4-2",1,0,0,0,-0.136
2014,"L,2-3",0,0,0,1,-0.044
2014,"L,5-6",2,0,0,1,0.044
2014,"W,4-3",0,0,0,0,-0.101
2014,"W,7-1",4,0,0,0,0.144
2014,"W,6-4",1,0,0,0,-0.033
2014,"L,0-6",0,0,0,1,-0.001
2014,"L,1-6",1,0,0,0,-0.114
2014,"W,3-1",2,0,0,0,0.063
2014,"L,2-7",1,0,0,0,0.018
2014,"L,2-10",0,0,0,0,-0.056
2014,"L,2-5",0,0,0,0,-0.135
2014,"L,4-7",1,0,0,0,0.065
2014,"W,2-1",1,0,0,0,-0.022
2014,"L,4-8",1,0,0,0,-0.017
2014,"L,1-2",0,0,0,0,-0.236
2014,"W,3-2",2,0,0,1,0.116
2014,"W,4-2",2,0,2,0,-0.045
2014,"W,6-3",3,0,0,1,0.115
2014,"W,7-0",2,0,0,0,0.061
2014,"L,1-5",0,0,0,0,-0.019
2014,"L,5-10",1,0,0,0,-0.022
2014,"W,3-1",2,0,0,0,0.056
2014,"W,7-3",1,0,0,0,-0.027
2014,"W,6-4",2,0,0,0,-0.005
2014,"W,5-3",0,0,0,1,-0.149
2014,"L,1-6",1,0,0,0,-0.065
2014,"L,0-8",0,0,0,0,-0.158
2014,"L,6-7",1,1,0,1,0.021
2014,"W,5-3",1,0,0,0,0.006
2014,"W,6-0",2,0,0,0,0.064
2014,"L,1-2",1,0,0,1,-0.076
2014,"L,5-8",2,0,0,0,0.025
2014,"L,3-4",1,0,1,0,-0.030
2014,"L,1-2",2,0,1,0,0.175
2014,"L,3-6",0,0,0,0,-0.152
2014,"W,7-4",0,0,0,0,-0.035
2014,"L,1-2",1,0,1,0,-0.042
2014,"W,9-7",3,0,0,0,0.073
2014,"W,5-3",1,0,0,1,0.046
2014,"L,3-5",0,0,0,0,-0.115
2014,"W,5-4",2,0,0,1,0.057
2014,"L,3-9",2,0,0,1,0.008
2014,"L,2-3",0,0,0,0,-0.137
2014,"W,3-0",2,0,0,0,0.129
2014,"L,1-3",1,0,0,0,-0.008
2014,"W,4-3",2,0,0,0,0.042
2014,"W,7-1",1,0,1,1,0.050
2014,"W,3-2",1,0,0,0,0.029
2014,"L,2-4",0,0,0,1,-0.155
2014,"W,2-1",1,0,0,1,-0.046
2014,"W,2-1",0,0,0,0,-0.029
2014,"W,6-4",1,0,0,0,-0.065
2014,"L,4-6",2,0,0,1,0.027
2014,"L,4-5",1,0,0,0,-0.041
2014,"L,2-4",3,0,1,1,0.123
2014,"W,12-11",2,0,0,0,-0.004
2014,"L,2-3",0,0,0,0,-0.105
2014,"L,3-4",1,1,0,0,0.049
2014,"W,6-4",2,0,0,0,0.213
2014,"W,8-7",1,0,0,0,-0.190
2014,"W,2-1",1,0,0,0,0.032
2014,"L,3-4",1,0,0,0,-0.094
2014,"W,5-1",1,0,0,0,-0.018
2014,"W,10-6",0,0,0,0,0.005
2014,"L,0-3",1,0,0,0,-0.030
2014,"L,1-4",0,0,0,0,-0.041
2014,"L,3-11",1,0,0,0,-0.018
2014,"L,3-5",0,0,0,0,-0.114
2014,"L,0-5",2,0,0,0,0.089
2014,"W,3-2",1,0,0,0,0.162
2014,"W,4-2",1,0,0,0,0.025
2014,"L,4-7",0,0,0,0,-0.084
2014,"L,2-5",2,0,1,1,0.026
2014,"W,3-0",1,0,0,0,-0.014
2014,"W,4-3",1,0,0,0,-0.099
2014,"W,7-4",0,0,0,0,-0.302
2014,"W,8-1",1,0,0,0,-0.025
2014,"L,2-5",2,0,0,0,0.000
2014,"W,8-4",1,0,0,1,0.070
2014,"L,2-3",0,0,0,0,-0.130
2014,"W,6-3",1,0,0,0,-0.039
2014,"L,0-2",0,0,0,0,-0.065
2014,"L,3-4",1,0,0,0,-0.146
2014,"L,4-9",1,0,0,0,0.014
2014,"W,5-1",1,0,0,1,-0.080
2014,"W,5-4",1,0,0,0,0.088
2014,"L,0-1",1,0,0,0,0.031
2014,"W,6-2",0,0,0,0,-0.027
2014,"L,0-2",1,0,0,1,-0.011
2014,"L,3-4",0,0,0,0,-0.202
2014,"W,8-5",0,0,0,0,-0.129
2014,"W,5-4",0,0,0,0,-0.029
2014,"L,0-5",0,0,0,0,-0.072
2014,"W,3-2",0,0,0,1,-0.019
2014,"L,2-3",0,0,0,0,-0.088
2014,"L,1-6",0,0,0,0,-0.041
2014,"W,3-2",1,0,0,0,-0.041
2014,"W,3-2",2,1,0,0,0.046
2014,"W,5-3",2,0,0,0,0.056
2014,"L,3-6",2,0,0,0,-0.026
2014,"W,5-2",2,0,1,0,0.084
2014,"W,5-0",1,0,0,1,0.130
2014,"L,4-5",1,0,0,0,-0.144
2014,"L,5-9",0,0,0,0,-0.037
2014,"W,6-5",2,0,0,0,0.612
2014,"L,4-10",1,0,0,0,-0.014
2014,"W,9-5",1,0,0,0,0.030
2013,"W,8-4",1,0,0,0,-0.041
2013,"W,6-5",2,1,0,1,0.119
2013,"L,2-3",0,0,0,0,-0.090
2013,"W,3-0",0,0,0,1,0.041
2013,"L,2-7",1,0,0,0,-0.030
2013,"L,2-5",0,0,0,1,-0.063
2013,"W,7-1",2,0,0,0,0.042
2013,"L,2-7",1,0,0,0,0.011
2013,"W,8-5",0,0,0,1,-0.019
2013,"W,2-0",0,0,0,0,-0.183
2013,"L,3-7",0,0,0,0,-0.073
2013,"W,9-1",2,0,0,0,0.089
2013,"W,6-4",2,0,0,0,0.042
2013,"W,6-5",0,0,0,1,-0.065
2013,"L,8-9",0,0,0,2,0.054
2013,"L,8-12",0,0,0,1,-0.011
2013,"L,9-13",1,0,0,0,-0.036
2012,"L,6-7",1,0,0,1,-0.032
2012,"L,6-8",2,0,0,0,-0.033
2012,"L,0-3",0,0,0,0,-0.072
2012,"W,6-2",4,0,0,0,0.138
2012,"W,5-4",2,1,0,0,-0.053
2012,"W,6-4",1,0,0,1,0.057
2012,"W,5-0",1,0,0,0,-0.058
2012,"L,1-7",2,0,0,0,0.013
2012,"W,11-5",2,1,0,0,0.130
2012,"L,3-7",2,1,0,0,0.066
2012,"W,8-3",1,0,0,0,-0.047
2012,"L,5-6",3,1,0,0,0.090
2012,"W,7-6",1,0,0,0,0.016
2012,"W,6-2",1,0,0,0,0.043
2012,"W,15-9",3,0,0,2,0.173
2012,"W,7-4",4,0,0,0,0.127
2012,"L,0-2",2,0,0,0,0.052
2012,"L,3-7",2,0,1,0,0.029
2012,"W,7-6",0,0,0,1,0.247
2012,"L,5-7",0,0,0,1,-0.029
2012,"W,6-2",2,0,0,2,0.102
2012,"W,2-1",1,0,0,0,-0.045
2012,"L,1-7",3,0,0,0,0.046
2012,"L,0-5",0,0,0,0,-0.072
2012,"L,3-4",4,0,0,0,0.205
2012,"W,6-2",2,1,0,0,0.099
2012,"L,1-5",0,0,0,0,-0.161
2012,"W,10-4",2,0,0,2,0.126
2012,"W,5-3",1,0,0,0,-0.046
2012,"L,1-4",1,0,0,0,-0.040
2012,"W,5-3",0,0,0,1,-0.056
2012,"W,6-2",1,0,0,1,-0.010
2012,"W,6-2",2,0,1,0,-0.019
2012,"L,2-6",1,0,0,0,-0.283
2012,"W,8-5",1,0,0,0,-0.266
2012,"L,2-5",1,0,0,1,0.081
2012,"L,1-4",1,0,0,0,-0.033
2012,"W,4-0",1,0,0,0,-0.017
2012,"L,5-6",1,0,1,0,-0.197
2012,"L,2-5",0,0,0,0,-0.167
2012,"L,0-6",1,0,0,0,-0.003
2012,"W,3-2",1,0,0,0,0.011
2012,"W,8-3",3,0,0,0,0.049
2012,"W,6-3",0,0,0,0,-0.080
2012,"W,9-2",2,0,0,0,0.110
2012,"W,2-0",1,0,0,0,-0.027
2012,"L,8-9",1,0,0,1,-0.142
2012,"L,1-5",2,0,0,1,0.030
2012,"W,6-5",1,0,1,0,0.086
2012,"W,9-4",2,0,0,1,0.134
2012,"L,3-4",0,0,1,1,-0.013
2012,"W,5-1",2,1,0,0,0.015
2012,"W,7-0",0,0,0,0,-0.057
2012,"W,4-1",0,0,0,0,-0.044
2012,"L,3-7",0,0,0,2,0.022
2012,"W,9-1",0,0,0,0,-0.074
2012,"W,4-2",1,0,0,1,0.073
2012,"W,5-4",2,0,0,0,0.117
2012,"W,3-0",1,0,0,0,-0.042
2012,"W,6-4",2,0,0,0,0.000
2012,"W,3-2",2,0,0,0,0.073
2012,"W,7-2",2,0,0,0,0.142
2012,"W,5-3",1,0,0,0,-0.122
2012,"W,4-1",1,0,0,0,-0.124
2012,"W,6-2",2,0,0,0,0.258
2012,"L,3-4",0,0,0,2,-0.087
2012,"L,5-10",1,1,0,1,0.102
2012,"L,4-6",1,0,0,0,-0.010
2012,"W,4-3",1,0,1,0,-0.004
2012,"W,6-5",0,0,0,0,-0.100
2012,"W,7-1",1,0,0,0,-0.032
2012,"W,6-4",2,0,0,0,-0.011
2012,"L,3-4",1,0,0,0,-0.179
2012,"L,7-14",1,0,0,1,-0.033
2012,"W,4-0",0,0,0,0,-0.038
2012,"W,4-2",1,0,0,0,0.000
2012,"L,3-4",1,0,0,0,0.009
2012,"L,4-7",2,0,0,0,0.047
2012,"W,4-3",2,0,0,0,-0.055
2012,"W,10-8",2,0,0,0,-0.056
2012,"W,6-1",3,0,1,0,0.034
2012,"L,5-9",0,0,0,0,-0.029
2012,"W,7-3",3,0,0,0,0.052
2012,"W,6-5",2,0,0,0,0.062
2012,"W,5-3",1,0,0,0,-0.031
2012,"L,8-10",1,0,0,1,0.079
2012,"W,6-3",0,0,0,0,-0.075
2012,"W,6-1",2,0,0,0,0.014
2012,"W,6-0",2,0,0,1,0.040
2012,"L,3-4",2,0,0,0,0.027
2012,"L,2-3",1,0,0,0,-0.051
2012,"L,1-2",1,0,0,0,-0.029
2012,"L,4-5",0,0,0,0,-0.111
2012,"W,4-1",1,0,0,0,-0.041
2012,"L,2-4",0,0,0,0,-0.028
2012,"W,5-2",3,1,0,0,0.235
2012,"W,10-3",1,0,0,1,-0.005
2012,"L,6-8",0,0,0,0,-0.126
2012,"L,2-3",1,0,0,0,-0.078
2012,"L,4-5",2,0,0,0,0.120
2012,"L,5-11",3,0,0,0,0.037
2012,"W,12-3",3,0,0,0,0.115
2012,"W,6-3",1,0,0,0,-0.015
2012,"L,0-1",0,0,0,0,-0.155
2012,"W,6-2",2,0,0,0,0.014
2012,"L,2-7",2,0,0,0,0.048
2012,"L,5-6",1,0,0,0,-0.030
2012,"W,12-8",2,0,0,0,-0.032
2012,"W,4-3",1,0,0,0,-0.108
2012,"W,10-4",2,0,0,0,-0.059
2012,"W,5-2",2,0,0,0,0.032
2012,"L,7-10",3,1,0,0,0.020
2012,"W,8-2",1,0,0,1,-0.025
2012,"W,3-0",2,0,0,0,0.021
2012,"W,3-2",1,0,0,1,-0.004
2012,"L,6-10",2,0,0,0,0.068
2012,"W,6-4",1,1,0,0,0.160
2012,"L,1-4",0,0,0,1,-0.074
2012,"W,4-1",3,0,1,0,0.207
2012,"L,6-9",4,1,0,0,0.198
2012,"L,3-7",1,1,0,0,0.035
2012,"L,1-2",1,1,0,0,0.101
2012,"W,3-1",2,0,0,0,0.171
2012,"L,1-3",2,0,0,0,0.006
2012,"W,4-2",0,0,0,0,-0.048
2012,"L,7-8",1,1,0,1,0.311
2012,"W,2-1",1,0,0,0,-0.088
2012,"L,5-8",1,0,0,1,-0.154
2012,"L,1-6",1,0,0,0,-0.028
2012,"W,4-3",0,0,0,1,0.133
2012,"L,3-8",0,0,0,1,-0.169
2012,"L,3-4",0,0,0,1,0.006
2012,"L,2-5",2,0,0,0,0.015
2012,"W,6-4",3,0,1,0,0.311
2012,"L,6-10",1,0,0,0,-0.143
2012,"W,8-5",3,0,0,0,-0.002
2012,"L,4-5",3,0,0,0,0.176
2012,"W,13-3",2,1,0,1,0.080
2012,"L,3-4",1,0,0,1,0.109
2012,"W,5-4",2,0,0,0,-0.077
2012,"W,2-0",1,0,0,0,0.030
2012,"L,4-6",2,0,0,0,0.046
2012,"W,5-3",1,0,0,0,0.005
2012,"W,6-4",1,0,0,1,0.063
2012,"W,2-1",1,0,0,1,-0.127
2012,"W,10-7",2,0,0,0,0.032
2012,"W,2-1",1,0,0,0,-0.051
2012,"W,10-9",1,0,0,0,-0.295
2012,"L,4-5",2,0,0,1,-0.052
2012,"W,6-3",1,0,0,2,0.020
2012,"L,4-5",1,0,0,0,-0.014
2012,"W,8-2",0,0,0,1,0.051
2012,"L,0-6",0,0,0,1,-0.025
2012,"W,11-4",1,0,0,0,-0.079
2012,"L,2-3",1,0,0,0,-0.101
2012,"W,9-6",3,0,0,0,0.224
2012,"W,10-2",0,0,0,1,-0.010
2012,"W,4-3",2,0,0,0,-0.017
2012,"W,14-2",1,0,0,0,-0.062
2011,"W,6-3",0,0,0,1,0.025
2011,"W,10-6",2,0,0,0,0.062
2011,"L,7-10",0,0,0,1,-0.090
2011,"W,4-3",0,0,0,0,-0.059
2011,"L,4-5",1,0,0,1,-0.018
2011,"W,4-3",2,0,0,1,0.085
2011,"L,6-9",1,0,0,0,-0.113
2011,"W,9-4",1,0,0,1,-0.039
2011,"L,0-4",0,0,0,0,-0.076
2011,"W,7-4",2,0,0,0,0.073
2011,"W,6-5",1,0,0,0,-0.173
2011,"L,3-5",2,0,0,0,-0.034
2011,"W,5-2",0,0,0,1,-0.011
2011,"W,6-5",1,0,0,0,-0.050
2011,"L,5-6",1,0,0,0,-0.055
2011,"W,6-2",0,0,0,0,-0.052
2011,"W,15-3",1,0,0,1,0.001
2011,"W,6-3",4,0,0,0,0.201
2011,"L,0-2",0,0,0,0,-0.174
2011,"L,2-3",2,0,0,1,0.156
2011,"W,3-1",1,0,0,1,0.026
2011,"L,3-5",1,0,0,0,-0.149
2011,"W,5-4",0,0,0,0,-0.079
2011,"W,5-2",0,0,0,0,0.068
2011,"W,5-3",2,0,0,0,-0.224
2011,"L,2-4",1,0,0,0,-0.061
2011,"L,0-4",1,0,0,0,-0.036
2011,"W,4-1",1,0,0,1,0.123
2011,"L,5-7",2,0,0,0,0.021
2011,"W,12-5",4,2,1,0,0.456
2011,"W,3-1",2,0,1,0,0.125
2011,"L,3-4",0,0,0,0,-0.302
2011,"L,5-11",1,0,0,0,-0.038
2011,"L,4-5",1,0,0,0,-0.006
2011,"L,0-6",1,0,0,1,0.062
2011,"L,5-7",0,0,0,0,-0.102
2011,"L,5-6",0,0,0,1,-0.078
2011,"W,6-2",1,0,0,0,-0.040
2011,"W,4-1",2,0,0,0,-0.306
2011,"W,13-2",2,0,0,0,0.066
2011,"L,1-2",1,0,0,1,0.006
2011,"W,7-3",2,0,1,0,0.001
2011,"W,9-3",2,0,0,0,0.171
2011,"L,3-7",0,0,0,0,-0.131
2011,"W,5-4",0,0,0,0,-0.302
2011,"W,7-3",1,0,0,2,0.079
2011,"L,3-4",1,0,0,0,-0.037
2011,"L,4-5",2,0,1,1,0.004
2011,"W,7-1",1,0,0,2,0.069
2011,"W,5-0",1,0,0,1,0.035
2011,"W,10-3",2,0,1,1,0.126
2011,"W,4-2",1,0,0,0,0.026
2011,"L,2-3",0,0,0,1,-0.047
2011,"W,3-2",1,0,0,1,-0.111
2011,"W,5-3",1,0,0,0,-0.028
2011,"L,4-6",2,0,0,0,-0.051
2011,"L,6-11",1,0,0,0,-0.184
2011,"L,3-8",1,0,1,0,0.050
2011,"W,11-7",1,0,1,1,0.025
2011,"W,4-0",0,0,0,0,-0.060
2011,"W,9-1",2,0,0,0,0.029
2011,"L,0-1",1,0,0,0,-0.046
2011,"L,3-6",0,0,0,0,-0.028
2011,"W,9-2",2,0,0,0,0.188
2011,"L,3-5",1,0,0,1,0.048
2011,"L,1-5",1,0,0,0,-0.051
2011,"W,5-4",5,1,1,0,0.371
2011,"W,1-0",1,0,0,0,-0.006
2011,"L,7-16",1,0,0,1,0.029
2011,"L,1-7",0,0,0,0,-0.038
2011,"W,4-1",2,0,0,0,-0.010
2011,"W,5-4",1,0,0,0,-0.190
2011,"L,2-3",0,0,0,0,-0.119
2011,"W,4-0",1,0,1,0,-0.013
2011,"L,1-2",1,0,0,1,0.034
2011,"W,17-7",2,0,1,1,0.150
2011,"L,3-4",3,0,1,1,0.249
2011,"W,7-5",0,0,0,2,0.082
2011,"W,10-3",2,1,0,0,0.109
2011,"W,4-1",0,0,0,0,-0.034
2011,"L,2-9",0,0,0,0,-0.054
2011,"L,2-4",1,0,0,0,-0.043
2011,"W,17-3",2,0,0,0,0.016
2011,"W,4-2",0,0,0,0,0.028
2011,"W,6-0",2,0,0,0,0.069
2011,"W,18-7",5,0,0,0,0.083
2011,"W,7-2",0,0,1,1,-0.028
2011,"W,3-2",1,0,0,0,-0.047
2011,"L,4-10",1,0,0,0,-0.007
2011,"L,2-3",0,0,0,0,-0.112
2011,"L,4-6",1,0,0,1,0.318
2011,"W,9-3",0,0,0,1,0.031
2011,"W,6-5",3,0,0,1,0.157
2011,"L,1-5",1,0,0,0,-0.103
2011,"W,9-2",2,0,0,0,-0.026
2011,"W,7-4",3,0,1,0,0.309
2011,"W,9-7",2,0,0,0,0.195
2011,"L,4-5",4,0,0,0,0.100
2011,"W,8-4",2,0,0,0,0.000
2011,"W,8-1",2,0,0,0,0.033
2011,"L,4-9",0,0,0,1,-0.007
2011,"W,3-0",1,0,0,1,-0.013
2011,"L,5-6",3,0,0,1,0.055
2011,"L,4-6",2,0,0,0,-0.004
2011,"W,22-9",3,0,0,1,-0.089
2011,"L,5-12",1,0,0,0,-0.026
2011,"L,0-2",0,0,0,0,-0.121
2011,"W,5-2",0,0,0,0,-0.066
2011,"L,5-9",2,0,1,0,0.073
2011,"W,4-2",2,0,0,1,0.002
2011,"W,3-2",1,0,1,0,0.074
2011,"W,9-3",2,1,0,0,0.083
2011,"W,11-10",1,0,0,0,0.018
2011,"W,5-3",1,0,0,1,0.008
2011,"L,4-5",1,0,0,1,0.075
2011,"L,1-2",1,0,0,0,-0.035
2011,"L,0-6",1,0,0,0,0.033
2011,"W,6-5",2,0,0,0,0.164
2011,"W,9-3",1,0,0,0,-0.008
2011,"W,3-2",1,0,0,0,-0.013
2011,"L,1-2",1,0,0,0,-0.186
2011,"L,4-5",0,0,0,0,-0.121
2011,"W,7-6",1,0,0,0,-0.002
2011,"W,6-4",3,0,0,1,0.076
2011,"W,5-0",2,0,0,1,-0.038
2011,"W,4-2",2,0,0,1,0.029
2011,"L,8-15",0,0,0,0,-0.027
2011,"W,9-1",1,1,0,0,0.081
2011,"W,6-2",3,0,1,0,0.168
2011,"L,2-5",0,0,0,1,-0.018
2010,"L,7-8",0,0,0,1,-0.001
2010,"L,7-9",2,0,1,0,0.000
2010,"W,6-4",1,0,0,0,0.007
2010,"W,3-1",1,0,0,1,0.011
2010,"L,3-9",2,0,0,0,-0.075
2010,"W,10-0",1,0,0,0,-0.052
2010,"W,7-3",1,0,1,0,-0.028
2010,"W,7-5",2,1,0,0,0.123
2010,"L,3-5",2,0,0,0,0.119
2010,"W,6-2",2,1,0,0,0.132
2010,"W,5-1",2,0,0,0,0.109
2010,"W,7-3",3,1,0,0,0.075
2010,"W,7-3",0,0,0,0,-0.052
2010,"W,3-1",1,0,0,1,-0.061
2010,"L,2-4",0,0,0,1,-0.018
2010,"L,4-6",2,0,1,0,-0.006
2010,"W,7-1",2,0,0,0,0.046
2010,"L,4-8",0,0,0,0,-0.065
2010,"L,4-5",0,0,0,0,-0.122
2010,"W,8-3",2,0,0,0,0.069
2010,"W,4-0",2,0,0,0,0.030
2010,"W,6-4",3,1,0,0,0.522
2010,"L,6-7",1,0,0,1,-0.002
2010,"W,12-3",2,0,0,1,0.010
2010,"W,4-1",0,0,0,0,-0.050
2010,"W,4-1",1,0,0,0,-0.033
2010,"W,7-5",1,0,0,0,-0.002
2010,"W,10-3",0,0,0,0,-0.044
2010,"W,14-3",2,0,0,1,-0.017
2010,"L,3-9",0,0,0,0,-0.065
2010,"L,4-5",0,0,0,0,-0.248
2010,"L,0-2",0,0,0,0,-0.115
2010,"W,8-0",0,0,1,1,-0.015
2010,"L,0-6",1,0,0,0,0.028
2010,"W,8-4",1,0,0,0,0.138
2010,"W,7-1",2,0,0,0,0.109
2010,"L,3-6",1,0,0,0,-0.052
2010,"W,11-9",1,0,0,1,-0.042
2010,"L,6-7",1,0,0,1,-0.039
2010,"L,6-10",1,0,0,0,-0.096
2010,"L,6-8",3,0,0,0,0.097
2010,"W,2-1",1,0,0,0,-0.112
2010,"L,3-5",0,0,0,1,-0.067
2010,"L,4-6",3,0,0,0,0.139
2010,"W,1-0",2,1,0,0,0.185
2010,"W,3-2",1,0,0,0,-0.052
2010,"L,2-8",2,0,0,0,0.035
2010,"W,8-2",2,0,1,1,0.005
2010,"L,11-13",3,0,0,1,-0.018
2010,"W,7-3",2,0,0,0,0.161
2010,"W,11-2",2,0,0,0,0.055
2010,"W,3-1",2,0,0,1,0.087
2010,"W,9-1",0,0,0,1,-0.029
2010,"W,6-3",1,0,1,1,0.079
2010,"L,1-6",1,0,0,0,-0.001
2010,"L,2-3",2,1,0,0,-0.042
2010,"W,4-3",1,0,0,0,0.160
2010,"W,12-7",1,0,0,1,-0.035
2010,"W,4-2",1,0,0,0,-0.203
2010,"L,3-4",1,0,0,1,0.046
2010,"W,4-3",0,0,0,0,-0.084
2010,"W,9-3",2,2,1,1,0.249
2010,"W,9-5",1,0,0,0,-0.034
2010,"W,8-3",0,0,0,2,-0.062
2010,"L,3-6",0,0,0,0,-0.053
2010,"L,1-7",0,0,0,0,-0.114
2010,"L,0-4",1,0,0,0,-0.196
2010,"W,4-0",2,0,0,0,0.050
2010,"L,4-10",0,0,0,2,-0.048
2010,"W,9-3",2,0,0,0,0.016
2010,"W,6-5",0,0,0,2,-0.071
2010,"W,2-1",2,0,0,0,0.043
2010,"L,4-9",1,0,1,1,-0.007
2010,"W,8-6",3,0,0,1,0.049
2010,"L,4-7",1,0,0,0,-0.022
2010,"L,0-7",0,0,0,1,-0.002
2010,"W,4-2",1,0,0,0,0.006
2010,"L,1-6",1,0,1,1,-0.003
2010,"W,11-3",0,0,0,3,0.108
2010,"W,7-6",1,0,0,0,0.035
2010,"W,3-1",1,0,0,0,-0.034
2010,"W,6-1",0,0,0,1,-0.020
2010,"W,6-2",2,0,0,0,0.004
2010,"W,3-1",0,0,0,1,0.018
2010,"W,6-1",0,0,0,0,0.011
2010,"L,1-4",1,0,0,0,0.047
2010,"W,8-2",1,0,0,0,0.025
2010,"W,5-4",0,0,0,0,-0.191
2010,"L,5-10",1,0,0,0,-0.114
2010,"W,9-5",2,0,1,0,0.161
2010,"L,2-10",0,0,0,0,-0.110
2010,"W,10-6",3,0,0,0,0.055
2010,"W,10-4",2,1,0,0,0.092
2010,"W,7-1",0,0,0,1,-0.053
2010,"L,4-7",2,0,0,0,-0.026
2010,"W,12-6",3,0,1,1,0.183
2010,"W,3-2",0,0,0,0,-0.085
2010,"L,1-4",2,0,0,0,0.078
2010,"W,8-0",0,0,0,0,-0.097
2010,"W,11-4",1,0,0,2,0.193
2010,"L,2-3",1,0,0,0,-0.056
2010,"W,5-4",1,0,0,0,-0.004
2010,"L,0-3",1,0,0,0,0.015
2010,"L,6-8",2,0,0,0,-0.069
2010,"L,2-8",0,0,0,1,-0.019
2010,"W,5-1",4,0,0,0,0.122
2010,"L,3-6",1,0,0,1,0.043
2010,"W,5-2",0,0,0,0,-0.069
2010,"W,7-2",2,0,0,0,0.096
2010,"L,1-2",1,0,1,1,0.030
2010,"L,3-4",0,0,0,1,-0.246
2010,"W,7-6",3,0,0,0,0.140
2010,"W,4-3",2,0,0,0,0.021
2010,"L,3-4",2,0,0,0,0.016
2010,"W,8-3",1,0,1,0,-0.081
2010,"L,0-1",0,0,0,0,-0.130
2010,"L,1-3",1,0,0,0,-0.453
2010,"W,6-2",1,0,1,2,0.114
2010,"W,9-5",0,0,0,1,-0.069
2010,"W,11-5",1,0,0,0,-0.049
2010,"L,0-6",1,0,0,0,-0.062
2010,"W,9-5",2,0,0,0,0.115
2010,"W,10-0",1,0,0,1,-0.014
2010,"L,2-3",0,0,0,0,-0.080
2010,"W,11-5",1,1,0,0,-0.060
2010,"L,3-6",0,0,0,1,0.015
2010,"L,4-9",0,0,0,0,-0.065
2010,"W,12-9",1,0,0,1,0.011
2010,"W,2-1",0,0,0,1,-0.066
2010,"W,11-5",0,0,0,0,-0.082
2010,"W,9-3",0,0,1,1,-0.001
2010,"W,4-3",1,0,0,0,0.063
2010,"W,5-0",1,0,0,0,-0.050
2010,"W,7-5",1,0,0,1,0.081
2010,"L,3-7",0,0,0,1,-0.133
2010,"L,3-4",1,0,0,0,-0.070
2010,"L,2-6",1,0,1,0,0.017
2010,"W,3-2",0,0,0,0,-0.114
2010,"L,5-6",1,0,0,0,-0.310
2010,"L,1-4",1,0,0,2,0.208
2010,"L,0-1",1,0,0,0,-0.187
2010,"W,8-7",2,0,0,1,0.015
2010,"L,3-4",1,0,1,0,-0.014
2010,"W,4-3",1,0,0,0,-0.171
2010,"W,11-3",2,0,0,0,0.071
2010,"L,3-4",1,0,0,2,-0.064
2010,"W,8-6",2,0,0,0,0.115
2010,"W,8-3",2,0,0,0,-0.018
2010,"L,2-7",2,0,0,0,0.021
2010,"L,3-10",1,0,0,1,0.025
2010,"L,8-10",1,0,0,1,-0.035
2010,"L,3-7",1,0,0,1,-0.059
2010,"W,4-3",0,0,0,1,-0.147
2010,"L,5-7",1,0,0,0,-0.116
2010,"W,6-1",2,0,0,1,0.181
2010,"L,4-8",2,0,0,1,0.045
2010,"W,6-5",2,0,1,1,0.248
2010,"L,4-8",2,0,0,0,-0.069
2009,"L,5-10",3,0,0,0,-0.061
2009,"L,5-7",2,1,1,1,0.067
2009,"W,11-2",0,0,0,0,-0.097
2009,"W,4-1",0,0,0,0,-0.040
2009,"W,6-1",1,0,1,1,0.016
2009,"L,4-6",0,0,0,0,-0.076
2009,"L,5-15",0,0,0,0,-0.028
2009,"W,7-2",3,1,0,0,0.234
2009,"W,4-3",2,0,0,1,0.470
2009,"L,2-10",1,0,0,1,0.007
2009,"W,6-5",1,1,0,0,0.170
2009,"L,4-22",0,0,0,0,-0.024
2009,"W,7-3",1,0,0,0,-0.160
2009,"W,5-3",2,0,0,1,0.013
2009,"W,9-7",2,1,0,0,0.051
2009,"L,4-5",2,0,0,0,0.010
2009,"L,11-16",2,0,1,2,-0.070
2009,"L,1-4",1,0,0,0,0.007
2009,"L,2-4",1,0,0,0,-0.038
2009,"W,11-0",1,0,1,1,0.013
2009,"W,8-6",0,0,0,0,-0.081
2009,"W,7-4",2,0,0,1,0.214
2009,"W,10-9",0,0,0,1,-0.032
2009,"L,4-8",1,0,1,0,0.048
2009,"L,4-6",1,0,1,0,0.100
2009,"L,3-7",2,0,0,0,0.070
2009,"L,3-4",0,0,0,0,-0.267
2009,"L,6-8",2,0,0,1,0.020
2009,"W,4-0",0,0,0,0,-0.080
2009,"L,5-12",1,0,1,1,0.041
2009,"W,5-3",2,0,0,1,0.013
2009,"W,3-2",1,0,0,0,-0.014
2009,"W,5-4",1,1,0,1,0.039
2009,"W,6-4",0,0,0,2,-0.086
2009,"W,3-2",2,0,1,0,0.007
2009,"W,7-6",2,0,0,0,-0.005
2009,"W,9-1",1,0,0,1,0.050
2009,"W,11-4",1,0,0,0,-0.044
2009,"W,7-4",1,0,0,1,0.047
2009,"L,3-7",2,1,0,0,0.025
2009,"W,5-4",1,1,0,0,-0.008
2009,"L,3-4",3,0,1,0,0.063
2009,"W,11-1",1,0,0,1,0.035
2009,"L,3-7",2,0,1,0,-0.016
2009,"W,9-2",3,0,0,2,0.138
2009,"W,3-1",2,0,0,0,0.070
2009,"W,10-5",2,0,0,0,0.084
2009,"L,4-5",2,0,0,0,0.081
2009,"W,5-2",2,0,0,2,0.242
2009,"W,12-3",3,0,0,1,0.080
2009,"L,2-4",0,0,0,0,-0.099
2009,"L,7-9",1,0,1,1,-0.043
2009,"W,4-3",0,0,0,0,-0.118
2009,"W,5-3",1,1,0,0,0.004
2009,"L,0-7",0,0,0,1,-0.035
2009,"L,5-6",0,0,0,0,-0.225
2009,"L,3-4",2,0,1,0,-0.087
2009,"W,9-8",2,1,1,0,0.152
2009,"L,2-6",1,0,0,0,-0.046
2009,"W,15-0",4,0,0,0,0.139
2009,"W,5-3",0,0,0,1,-0.073
2009,"L,0-3",0,0,0,0,-0.104
2009,"W,5-1",2,0,0,1,0.080
2009,"L,1-2",0,0,0,0,-0.342
2009,"L,5-6",1,0,1,0,-0.194
2009,"L,0-4",1,0,1,1,-0.020
2009,"W,8-4",1,0,1,0,-0.068
2009,"W,11-7",4,0,1,1,0.155
2009,"W,4-2",1,0,0,3,0.125
2009,"W,8-5",1,0,0,0,-0.062
2009,"W,4-2",1,0,0,0,-0.023
2009,"L,4-8",1,0,0,0,-0.109
2009,"W,4-2",2,0,0,1,0.104
2009,"W,6-5",1,0,0,1,0.018
2009,"W,10-8",4,1,0,0,0.278
2009,"L,6-7",0,0,0,3,0.014
2009,"W,10-2",1,0,0,1,0.044
2009,"W,4-3",2,0,0,0,0.056
2009,"W,6-4",1,0,0,1,-0.006
2009,"L,6-10",4,0,0,0,0.093
2009,"L,8-14",1,0,0,0,-0.035
2009,"L,4-5",2,0,0,0,0.058
2009,"W,5-3",2,0,0,1,0.069
2009,"W,2-1",2,0,0,0,-0.035
2009,"W,2-1",0,0,0,0,-0.084
2009,"W,2-1",0,0,0,1,-0.083
2009,"W,6-4",1,0,1,1,0.033
2009,"W,6-4",1,0,0,0,0.023
2009,"W,6-3",1,0,0,1,-0.023
2009,"W,8-3",3,0,0,0,0.052
2009,"L,4-6",1,1,0,1,0.002
2009,"W,7-5",2,0,0,1,0.082
2009,"W,11-4",3,0,0,1,-0.006
2009,"L,2-6",0,0,0,1,-0.034
2009,"W,6-2",2,0,0,0,0.084
2009,"L,2-3",1,0,0,0,-0.092
2009,"L,5-10",1,0,1,0,-0.070
2009,"L,4-14",2,0,0,0,0.024
2009,"W,8-5",2,0,0,0,0.016
2009,"W,5-3",0,0,0,0,-0.078
2009,"W,8-4",1,0,0,0,-0.054
2009,"W,13-6",1,0,0,0,-0.070
2009,"W,2-0",1,0,0,0,-0.312
2009,"W,5-0",1,1,0,0,-0.154
2009,"W,5-2",1,0,0,0,-0.083
2009,"L,4-5",3,1,1,0,0.106
2009,"W,7-5",3,0,0,0,0.088
2009,"W,4-3",0,0,0,0,0.009
2009,"W,11-1",2,1,0,0,0.065
2009,"W,4-2",1,0,0,0,0.044
2009,"W,5-2",2,1,0,0,0.030
2009,"L,3-10",3,0,0,0,0.191
2009,"L,0-3",3,0,0,0,0.093
2009,"W,7-2",3,0,0,0,0.277
2009,"W,3-2",2,0,1,0,0.030
2009,"W,20-11",3,0,0,0,0.109
2009,"L,1-14",0,0,0,0,-0.037
2009,"W,8-4",2,1,0,0,0.088
2009,"L,9-10",2,0,0,2,0.035
2009,"W,9-2",1,0,0,0,-0.017
2009,"L,2-7",0,0,1,1,-0.053
2009,"W,5-2",1,1,0,0,-0.023
2009,"W,10-0",3,0,1,0,0.053
2009,"W,8-3",2,0,0,1,0.063
2009,"W,5-1",1,0,0,1,-0.086
2009,"W,9-6",1,0,0,2,0.064
2009,"W,10-2",1,0,0,1,-0.111
2009,"W,10-5",0,0,0,0,-0.056
2009,"W,6-4",2,0,0,1,0.003
2009,"L,8-14",3,0,1,1,0.092
2009,"W,4-1",0,0,0,0,-0.153
2009,"W,11-1",0,0,0,1,-0.043
2009,"W,3-2",0,0,0,0,-0.100
2009,"W,4-2",3,0,1,1,0.117
2009,"L,4-10",2,0,0,0,-0.059
2009,"L,3-7",1,0,1,0,-0.010
2009,"W,13-3",3,0,0,1,0.105
2009,"W,5-3",0,0,0,0,-0.079
2009,"L,4-10",2,0,0,1,0.053
2009,"W,5-4",0,0,0,2,0.058
2009,"L,2-3",1,0,0,0,-0.018
2009,"W,10-1",1,0,0,1,-0.018
2009,"L,1-7",1,0,0,1,0.009
2009,"L,2-5",2,0,0,0,0.033
2009,"W,6-5",1,0,1,1,-0.016
2009,"W,3-2",1,0,1,1,-0.020
2009,"W,9-5",2,0,2,1,0.070
2009,"W,3-0",2,0,0,1,0.085
2009,"W,4-2",2,0,0,0,-0.014
2009,"W,4-3",1,0,0,1,0.080
2009,"L,3-4",2,1,0,1,0.169
2009,"L,4-13",0,0,0,0,-0.061
2009,"W,10-2",2,0,0,0,0.007
2008,"W,3-2",1,0,0,0,-0.082
2008,"L,2-5",2,0,0,0,0.005
2008,"W,3-2",0,0,0,0,-0.042
2008,"L,4-13",1,0,0,0,0.034
2008,"L,3-6",0,0,0,0,-0.150
2008,"W,2-0",1,0,0,0,-0.045
2008,"W,6-1",0,0,0,0,-0.033
2008,"W,8-7",2,0,0,0,0.045
2008,"W,5-3",3,0,0,1,0.180
2008,"W,15-9",2,0,0,1,0.139
2008,"L,5-7",1,0,0,0,-0.016
2008,"L,2-8",1,0,0,0,-0.092
2008,"L,0-6",1,0,0,0,-0.033
2008,"W,7-1",2,0,0,0,0.017
2008,"W,9-5",0,0,0,0,-0.227
2008,"W,6-4",1,0,0,0,-0.048
2008,"L,6-7",1,0,0,0,-0.026
2008,"L,4-6",0,0,0,0,-0.084
2008,"L,3-4",3,0,0,0,-0.273
2008,"W,1-0",1,0,0,0,0.001
2008,"W,5-2",1,0,0,0,0.117
2008,"L,4-6",1,0,0,0,0.013
2008,"L,2-6",1,0,0,0,0.000
2008,"L,4-8",2,0,0,1,0.097
2008,"W,5-1",0,0,0,0,-0.008
2008,"W,6-1",3,0,0,0,0.111
2008,"W,8-2",4,0,0,0,0.157
2008,"L,3-5",1,0,0,1,-0.030
2008,"L,0-3",0,0,0,0,-0.085
2008,"W,6-3",1,0,0,0,-0.022
2008,"L,5-6",2,0,0,1,0.002
2008,"W,5-2",2,1,0,0,0.090
2008,"L,1-7",1,0,0,1,-0.031
2008,"L,1-2",1,0,0,0,-0.028
2008,"W,2-1",0,0,0,0,-0.092
2008,"L,2-5",2,0,0,0,0.029
2008,"L,4-7",3,1,0,0,0.142
2008,"L,2-11",1,0,1,1,0.007
2008,"L,2-12",0,0,0,0,-0.031
2008,"W,8-0",0,0,1,1,-0.008
2008,"W,2-1",0,0,0,0,-0.172
2008,"W,13-2",0,0,0,1,-0.029
2008,"W,12-6",0,0,0,0,-0.046
2008,"W,6-5",1,0,0,1,0.090
2008,"L,1-6",0,0,1,1,-0.017
2008,"L,9-10",2,0,1,0,0.129
2008,"W,4-2",0,0,0,0,-0.095
2008,"W,6-5",0,0,0,0,-0.100
2008,"W,7-6",1,0,0,0,0.119
2008,"L,1-5",1,1,0,2,0.121
2008,"L,5-6",3,0,0,0,0.012
2008,"L,3-9",2,0,0,0,-0.031
2008,"W,5-1",1,0,0,0,0.045
2008,"W,9-8",1,0,0,0,0.036
2008,"L,1-2",1,0,0,0,-0.091
2008,"W,12-11",1,0,0,0,-0.207
2008,"W,6-3",1,0,0,0,-0.099
2008,"L,2-3",0,0,0,1,-0.077
2008,"W,3-1",0,0,0,1,-0.088
2008,"L,4-8",1,0,0,1,0.045
2008,"W,4-1",1,0,0,0,0.019
2008,"W,2-1",1,1,0,0,0.181
2008,"W,8-4",1,0,0,0,-0.129
2008,"W,13-0",2,0,0,0,0.079
2008,"W,8-0",1,0,0,0,-0.003
2008,"W,8-5",1,0,0,1,0.056
2008,"W,2-1",2,0,1,1,0.135
2008,"L,2-4",1,0,0,0,-0.058
2008,"L,0-6",2,0,0,0,-0.080
2008,"W,4-1",1,0,0,1,0.008
2008,"L,5-12",1,0,0,1,-0.088
2008,"W,10-0",3,0,0,1,0.154
2008,"L,6-15",1,0,0,0,-0.031
2008,"W,9-0",1,0,0,1,0.034
2008,"W,3-2",0,0,0,1,-0.025
2008,"L,1-3",2,0,0,0,0.088
2008,"L,1-2",0,0,0,0,-0.129
2008,"W,18-7",1,0,0,1,-0.113
2008,"L,0-7",1,0,0,1,0.009
2008,"L,4-6",2,0,0,1,0.071
2008,"W,2-1",1,0,0,0,-0.044
2008,"W,5-4",1,0,0,0,0.065
2008,"W,5-0",2,0,0,0,0.110
2008,"W,2-1",1,0,0,1,-0.038
2008,"L,2-4",2,0,0,0,0.064
2008,"L,0-5",1,0,0,0,-0.070
2008,"W,9-4",2,1,0,0,0.239
2008,"L,1-4",0,0,0,0,-0.054
2008,"W,7-1",0,0,0,2,-0.048
2008,"W,4-3",2,0,0,1,0.061
2008,"W,2-1",1,0,0,0,-0.006
2008,"W,12-4",2,1,0,0,0.063
2008,"W,8-2",1,0,0,0,-0.047
2008,"W,5-1",2,0,0,0,0.060
2008,"W,1-0",1,0,0,0,-0.074
2008,"W,10-3",2,0,0,0,0.013
2008,"L,2-9",1,0,0,0,-0.066
2008,"L,4-13",1,0,0,0,-0.085
2008,"L,6-7",1,0,1,2,0.100
2008,"W,13-3",0,0,0,1,-0.013
2008,"L,6-12",0,0,0,0,-0.062
2008,"L,0-1",2,0,0,0,0.016
2008,"W,8-2",1,0,0,0,-0.071
2008,"W,14-9",1,0,0,1,0.060
2008,"L,5-9",1,0,0,0,-0.166
2008,"L,6-8",0,0,0,1,-0.135
2008,"W,5-3",2,0,0,1,0.130
2008,"W,3-0",3,1,1,1,0.166
2008,"L,5-10",1,0,0,0,-0.030
2008,"L,4-11",1,0,0,0,-0.071
2008,"L,3-4",0,0,0,1,-0.050
2008,"L,0-4",0,0,0,0,-0.071
2008,"W,9-6",3,0,0,0,0.238
2008,"L,3-4",3,0,1,1,0.225
2008,"W,3-2",2,0,0,0,-0.202
2008,"W,15-6",4,0,1,0,0.092
2008,"L,1-2",1,0,0,0,-0.042
2008,"W,5-1",3,1,0,0,0.181
2008,"L,3-14",1,0,0,0,-0.067
2008,"W,9-4",1,0,0,0,-0.022
2008,"W,5-3",1,0,0,0,-0.064
2008,"W,8-7",0,0,0,0,-0.100
2008,"L,3-7",2,0,0,0,0.031
2008,"L,3-11",1,0,0,0,-0.051
2008,"W,3-2",3,0,0,0,0.048
2008,"W,2-1",0,0,0,0,-0.165
2008,"L,6-7",2,0,0,1,0.168
2008,"L,2-6",0,0,0,0,-0.075
2008,"W,13-9",2,0,0,3,0.194
2008,"W,7-2",1,0,1,0,0.064
2008,"W,8-4",1,0,0,0,-0.026
2008,"L,5-7",1,1,0,1,-0.021
2008,"L,1-3",1,0,0,1,0.096
2008,"W,7-4",1,0,0,2,-0.038
2008,"L,2-5",2,1,0,1,0.056
2008,"L,1-12",0,0,0,1,0.003
2008,"W,7-1",2,0,0,0,0.116
2008,"L,2-4",1,0,1,1,0.016
2008,"L,1-7",3,0,0,0,0.072
2008,"W,6-5",3,0,0,1,0.089
2008,"W,8-4",3,1,0,0,0.100
2008,"W,4-2",0,0,0,0,-0.134
2008,"L,2-6",2,0,0,0,0.030
2008,"W,5-1",0,0,0,0,-0.175
2008,"W,9-2",2,0,0,1,0.077
2008,"W,3-2",1,0,0,0,-0.021
2008,"W,1-0",0,0,0,0,0.003
2008,"W,7-3",0,0,0,0,-0.090
2008,"W,3-1",0,0,0,0,
2008,"W,19-8",0,0,0,0,-0.027
2007,"W,9-5",1,0,0,0,0.129
2007,"L,6-7",2,0,0,0,0.200
2007,"L,4-6",2,0,0,0,-0.057
2007,"W,10-7",0,0,0,1,0.040
2007,"L,4-6",1,0,0,0,-0.003
2007,"W,8-2",3,0,0,0,0.044
2007,"W,10-1",2,0,1,0,0.019
2007,"L,1-5",1,0,0,1,0.036
2007,"L,4-5",1,0,0,2,0.083
2007,"W,4-3",1,0,0,0,-0.068
2007,"L,4-5",1,0,0,1,-0.010
2007,"W,10-3",1,0,0,0,0.059
2007,"W,9-2",3,0,0,0,0.151
2007,"W,8-6",1,0,0,0,0.024
2007,"L,6-7",1,0,0,1,-0.076
2007,"L,5-7",2,0,0,0,-0.097
2007,"L,6-7",1,1,0,0,0.071
2007,"L,8-10",1,0,0,0,-0.025
2007,"L,4-6",0,0,0,0,0.024
2007,"L,4-11",3,0,0,0,0.211
2007,"W,3-1",3,0,1,0,0.098
2007,"L,4-7",1,1,0,0,0.063
2007,"W,10-1",1,0,0,2,0.009
2007,"W,4-3",1,0,0,0,0.045
2007,"W,5-2",3,0,0,0,0.085
2007,"L,11-15",0,0,0,0,-0.152
2007,"W,8-1",3,0,0,0,0.108
2007,"W,5-0",2,0,0,2,0.215
2007,"L,2-3",1,0,0,2,0.023
2007,"W,8-2",2,0,0,0,0.080
2007,"W,6-2",2,0,1,1,0.184
2007,"L,2-14",2,0,0,1,0.027
2007,"L,0-3",1,0,0,1,-0.031
2007,"W,7-2",3,0,0,0,0.057
2007,"L,1-2",1,0,0,1,0.102
2007,"L,3-5",1,0,0,0,-0.037
2007,"W,8-1",1,0,0,1,0.094
2007,"L,1-4",1,0,0,1,0.017
2007,"L,2-3",1,0,1,1,0.048
2007,"L,7-10",1,0,0,0,-0.149
2007,"W,6-2",2,1,0,1,0.217
2007,"W,6-2",1,0,0,1,0.021
2007,"L,3-7",1,0,0,0,-0.078
2007,"W,8-3",3,0,0,0,0.125
2007,"L,6-10",1,0,0,1,-0.011
2007,"L,1-3",0,0,0,0,-0.134
2007,"L,3-4",1,0,0,0,-0.146
2007,"L,2-7",2,0,1,0,-0.004
2007,"L,2-3",0,0,0,0,0.000
2007,"W,10-5",0,0,0,1,-0.053
2007,"W,9-5",1,0,0,0,-0.126
2007,"L,6-11",2,1,0,0,0.080
2007,"W,6-5",0,0,0,0,-0.211
2007,"L,4-6",0,0,0,0,-0.045
2007,"W,7-3",2,0,0,0,-0.027
2007,"W,5-1",1,0,0,0,-0.005
2007,"W,10-3",1,0,0,1,0.126
2007,"W,5-4",2,0,0,1,0.248
2007,"W,9-3",1,0,1,2,0.144
2007,"W,13-6",1,0,0,0,-0.008
2007,"W,4-1",1,0,0,0,0.058
2007,"W,7-2",1,0,0,2,0.069
2007,"W,7-1",2,0,0,1,-0.019
2007,"L,0-2",2,0,0,0,0.063
2007,"W,11-8",4,1,1,0,0.285
2007,"W,8-2",1,0,0,0,0.006
2007,"L,1-3",1,0,0,0,-0.090
2007,"L,1-6",2,0,0,0,0.154
2007,"L,3-4",1,0,0,1,-0.008
2007,"W,7-3",2,0,0,1,0.038
2007,"L,5-6",2,0,0,0,-0.039
2007,"L,2-7",0,0,0,1,0.016
2007,"L,2-3",2,0,0,0,0.017
2007,"L,0-4",1,0,0,0,-0.051
2007,"W,8-7",2,0,0,0,0.404
2007,"W,2-1",0,0,0,0,-0.108
2007,"L,0-7",0,0,0,0,-0.078
2007,"L,5-11",2,0,0,0,0.044
2007,"W,5-1",2,0,0,0,0.063
2007,"W,8-0",3,0,0,0,-0.003
2007,"L,2-6",1,0,0,0,0.008
2007,"W,7-6",1,0,0,2,-0.018
2007,"W,14-9",2,0,0,0,0.023
2007,"L,1-2",0,0,0,0,-0.457
2007,"W,12-0",1,0,0,0,0.045
2007,"W,7-3",1,1,0,0,0.021
2007,"L,4-6",0,0,0,0,-0.131
2007,"W,6-4",2,0,0,0,0.057
2007,"W,7-6",2,1,1,1,0.335
2007,"W,6-4",2,0,0,0,0.038
2007,"W,3-2",0,0,0,0,-0.248
2007,"W,6-1",2,0,0,0,0.165
2007,"L,2-3",1,0,1,1,-0.015
2007,"L,4-14",2,0,1,0,-0.035
2007,"W,7-3",0,0,0,0,-0.048
2007,"W,17-5",2,0,0,0,0.062
2007,"W,21-4",1,0,1,1,0.123
2007,"W,9-2",1,0,0,0,-0.030
2007,"W,9-4",4,0,0,0,0.096
2007,"W,7-1",2,0,0,0,0.016
2007,"L,0-7",0,0,0,0,-0.120
2007,"L,2-4",0,0,0,0,-0.156
2007,"L,5-7",1,0,0,1,-0.014
2007,"W,10-6",2,0,0,2,0.178
2007,"W,16-3",1,0,0,0,0.067
2007,"W,8-1",1,1,0,0,-0.043
2007,"L,9-13",0,0,0,0,-0.062
2007,"W,7-1",0,0,0,2,-0.033
2007,"W,16-8",3,0,0,0,0.005
2007,"W,8-5",1,0,1,2,0.119
2007,"W,5-4",0,0,0,0,-0.128
2007,"W,9-2",2,0,0,0,-0.110
2007,"L,4-15",0,0,0,0,-0.035
2007,"W,6-1",3,0,0,0,0.117
2007,"W,11-2",3,0,0,0,-0.039
2007,"W,5-3",1,0,0,0,-0.033
2007,"W,7-6",1,0,0,0,0.140
2007,"L,0-12",0,0,0,0,-0.045
2007,"L,3-6",0,0,0,0,-0.113
2007,"L,5-8",2,0,0,1,0.044
2007,"W,6-1",0,0,0,0,-0.151
2007,"W,5-2",1,0,0,0,0.012
2007,"L,6-7",2,0,0,1,0.073
2007,"L,9-18",2,0,0,0,-0.025
2007,"W,8-2",1,0,0,0,-0.047
2007,"L,6-9",0,0,0,2,-0.134
2007,"W,7-2",0,0,0,0,-0.064
2007,"L,0-16",0,0,0,0,-0.028
2007,"W,5-3",1,1,0,1,0.116
2007,"W,4-3",2,0,0,0,0.036
2007,"W,5-0",4,0,0,0,0.072
2007,"L,1-9",1,0,0,0,0.058
2007,"W,9-6",1,0,0,1,0.086
2007,"L,2-8",0,0,0,0,-0.170
2007,"L,1-7",1,0,1,1,-0.050
2007,"W,12-3",1,0,0,0,-0.084
2007,"W,10-2",1,0,0,0,-0.063
2007,"W,3-2",1,0,0,0,-0.037
2007,"W,11-5",0,0,0,0,-0.041
2007,"W,9-2",0,0,0,2,0.011
2007,"W,4-1",0,0,0,0,-0.016
2007,"L,1-2",1,0,0,0,-0.036
2007,"W,8-7",1,0,0,0,-0.075
2007,"L,1-10",2,1,0,0,0.035
2007,"W,4-3",2,1,0,0,0.351
2007,"W,8-5",2,0,0,0,-0.042
2007,"W,12-0",3,0,0,1,0.071
2007,"W,2-1",1,0,0,0,-0.037
2007,"L,4-5",2,0,0,0,-0.009
2007,"W,12-11",2,0,0,0,-0.078
2007,"W,7-5",2,0,1,0,0.102
2007,"L,1-4",1,0,0,0,-0.036
2007,"L,6-7",2,0,0,0,-0.013
2007,"W,12-4",3,1,0,0,0.118
2007,"L,9-10",2,0,1,0,0.218
2007,"W,10-4",1,0,0,1,0.068
2006,"W,15-2",2,0,0,1,0.035
2006,"L,3-4",1,0,0,2,0.025
2006,"L,4-9",1,0,0,0,-0.082
2006,"L,1-4",2,0,1,1,0.085
2006,"L,2-3",1,1,0,1,0.118
2006,"W,10-1",1,0,0,0,0.039
2006,"W,9-7",1,1,0,1,0.536
2006,"W,12-5",1,0,0,2,0.084
2006,"W,9-3",1,0,0,0,-0.049
2006,"L,1-5",0,0,0,0,-0.055
2006,"L,5-6",3,0,0,1,0.314
2006,"W,9-3",2,0,0,0,-0.068
2006,"L,5-10",2,0,0,1,0.101
2006,"W,3-1",0,0,1,1,-0.118
2006,"L,5-6",2,0,0,2,0.305
2006,"W,6-1",1,0,0,1,0.105
2006,"W,7-1",3,0,0,0,0.010
2006,"W,9-1",3,1,0,0,0.129
2006,"L,2-4",1,0,0,2,-0.141
2006,"W,4-1",3,0,0,1,0.177
2006,"L,2-7",2,0,0,0,-0.021
2006,"W,17-6",0,0,0,1,-0.025
2006,"W,4-1",2,0,0,1,0.032
2006,"L,3-7",1,0,0,1,0.068
2006,"W,4-2",0,0,0,1,-0.096
2006,"W,10-5",0,0,0,1,-0.015
2006,"W,8-7",2,0,0,0,0.126
2006,"W,6-1",1,0,0,0,0.021
2006,"W,8-5",0,0,0,0,-0.049
2006,"L,3-14",1,0,0,0,0.002
2006,"W,7-3",1,0,0,0,-0.012
2006,"L,3-5",3,0,3,1,0.243
2006,"W,2-0",0,0,0,1,-0.067
2006,"W,4-3",1,1,0,0,-0.019
2006,"L,1-6",1,0,0,0,-0.043
2006,"L,2-4",1,0,0,0,-0.020
2006,"W,14-13",4,1,1,1,0.321
2006,"W,4-3",2,0,0,0,-0.016
2006,"L,2-6",0,0,0,1,-0.078
2006,"L,6-7",2,0,1,0,0.109
2006,"W,5-4",1,0,0,0,-0.159
2006,"L,3-4",3,0,0,0,0.199
2006,"L,5-9",1,0,0,0,-0.016
2006,"W,7-5",2,0,1,1,0.087
2006,"W,8-6",1,0,0,0,-0.003
2006,"L,6-7",2,0,1,2,0.290
2006,"W,15-4",1,0,0,0,-0.034
2006,"W,6-5",2,0,0,0,0.013
2006,"W,4-0",0,0,0,0,-0.018
2006,"W,11-6",0,0,0,1,-0.093
2006,"W,6-5",3,0,0,1,0.535
2006,"W,6-5",2,0,1,1,0.232
2006,"L,4-11",0,0,0,0,-0.057
2006,"L,5-6",0,0,0,1,-0.060
2006,"L,2-5",0,0,0,0,-0.183
2006,"L,5-6",1,0,0,0,-0.016
2006,"W,1-0",2,0,1,0,0.005
2006,"W,6-1",2,0,1,1,0.043
2006,"L,4-8",0,0,0,0,0.077
2006,"W,7-5",1,0,1,2,0.077
2006,"L,9-11",3,0,0,0,0.154
2006,"L,2-3",2,0,1,0,0.073
2006,"L,2-4",1,0,0,1,-0.060
2006,"W,9-7",1,0,0,1,0.183
2006,"W,5-0",2,0,0,0,0.087
2006,"W,6-5",0,0,0,0,0.021
2006,"W,2-1",1,0,0,1,-0.016
2006,"L,0-5",2,0,1,0,0.040
2006,"W,5-2",1,0,0,1,0.009
2006,"L,2-5",1,0,0,0,-0.124
2006,"W,4-3",1,0,0,1,-0.203
2006,"W,2-0",2,0,0,0,-0.022
2006,"L,3-8",2,0,0,0,0.062
2006,"W,16-7",3,0,0,0,0.118
2006,"L,2-5",2,0,1,0,0.040
2006,"L,1-19",1,0,0,0,0.057
2006,"W,11-3",2,0,2,0,0.028
2006,"W,10-4",3,0,0,0,0.102
2006,"W,1-0",0,0,0,0,-0.109
2006,"W,5-1",1,0,0,1,-0.089
2006,"L,5-6",2,0,0,0,-0.002
2006,"W,6-5",1,0,0,1,-0.075
2006,"W,14-3",2,0,0,0,0.092
2006,"W,6-4",1,1,0,0,0.073
2006,"W,4-2",1,0,0,0,0.034
2006,"W,5-4",1,0,1,0,-0.049
2006,"L,2-3",1,0,1,0,0.053
2006,"L,4-5",0,0,0,0,-0.171
2006,"L,3-7",2,0,0,0,0.023
2006,"W,5-4",2,0,0,1,0.263
2006,"L,5-13",2,0,0,0,0.010
2006,"W,6-2",2,0,0,0,0.080
2006,"W,7-4",1,0,0,0,-0.020
2006,"W,8-7",3,0,0,0,0.127
2006,"W,6-0",3,0,1,0,0.152
2006,"L,6-19",2,1,0,0,0.059
2006,"W,4-2",2,0,0,0,0.195
2006,"W,5-1",1,0,2,1,0.064
2006,"W,7-2",2,1,0,1,0.098
2006,"W,8-1",1,0,0,1,0.056
2006,"W,5-4",1,0,1,0,-0.121
2006,"L,0-5",0,0,0,1,-0.077
2006,"W,6-1",1,1,0,0,0.023
2006,"L,5-6",1,0,0,0,-0.082
2006,"W,7-6",1,0,1,2,0.027
2006,"L,4-5",1,0,0,1,-0.061
2006,"L,4-7",1,0,0,0,-0.075
2006,"W,5-2",0,0,0,0,-0.043
2006,"L,3-5",1,0,1,2,0.075
2006,"W,7-2",3,1,0,0,0.198
2006,"W,6-3",1,0,0,0,-0.010
2006,"L,2-3",0,0,0,0,-0.165
2006,"L,2-12",0,0,0,1,-0.039
2006,"W,12-4",3,0,0,0,0.069
2006,"W,14-11",1,0,0,0,0.275
2006,"W,13-5",0,0,0,1,-0.054
2006,"W,8-5",2,0,0,0,0.400
2006,"W,2-1",1,0,0,0,-0.031
2006,"L,5-6",1,0,0,2,0.065
2006,"W,9-2",1,0,0,0,-0.119
2006,"L,2-4",2,0,0,0,0.078
2006,"L,5-6",1,0,0,0,0.140
2006,"L,7-12",1,0,0,0,-0.035
2006,"W,11-8",3,2,0,0,0.111
2006,"W,2-0",3,0,0,0,0.035
2006,"L,3-5",1,0,1,1,0.245
2006,"W,6-4",1,0,1,3,0.099
2006,"W,8-1",3,0,1,0,0.134
2006,"L,1-6",1,0,0,1,0.075
2006,"W,10-1",1,0,0,1,0.000
2006,"W,12-5",3,0,0,0,-0.079
2006,"L,0-5",1,0,0,0,-0.040
2006,"W,8-3",2,0,0,0,0.120
2006,"L,4-9",1,0,0,0,0.024
2006,"W,3-2",2,0,0,0,0.036
2006,"W,9-4",2,1,0,0,0.100
2006,"W,9-6",2,0,0,0,0.089
2006,"W,12-4",0,0,0,3,0.062
2006,"W,8-4",1,0,1,0,0.060
2006,"W,7-4",2,0,0,0,-0.029
2006,"L,2-5",1,0,1,0,-0.077
2006,"W,7-5",1,0,0,0,-0.116
2006,"L,4-5",0,0,0,0,-0.008
2006,"W,7-6",1,1,1,0,0.293
2006,"W,6-3",1,0,0,0,-0.005
2006,"W,4-1",1,0,0,0,-0.083
2006,"L,0-8",1,0,0,0,0.010
2006,"L,4-11",2,0,0,0,0.022
2006,"W,16-1",2,0,0,1,0.068
2006,"W,5-4",2,0,0,0,0.011
2006,"W,16-5",1,0,0,1,-0.035
2006,"W,7-2",2,0,0,0,0.031
2006,"L,5-6",3,0,1,1,0.172
2006,"L,5-7",1,0,1,0,-0.102
2005,"W,9-2",2,0,1,1,0.106
2005,"W,4-3",1,1,0,1,0.375
2005,"L,3-7",1,0,0,0,-0.021
2005,"L,5-12",3,0,0,2,0.132
2005,"W,8-5",2,0,1,0,0.069
2005,"L,2-7",1,0,0,0,-0.022
2005,"L,1-8",0,0,0,0,-0.051
2005,"W,5-2",1,0,0,0,0.043
2005,"L,5-8",1,0,0,1,-0.029
2005,"L,1-8",0,0,0,0,-0.101
2005,"L,6-7",2,0,0,2,0.206
2005,"L,4-8",1,0,0,2,0.041
2005,"W,19-8",1,0,0,3,0.026
2005,"L,2-6",3,0,0,0,-0.258
2005,"W,11-2",2,0,0,1,0.005
2005,"W,4-3",2,0,0,0,0.008
2005,"L,3-5",0,0,0,0,-0.097
2005,"L,2-10",0,0,0,3,0.036
2005,"W,11-1",3,1,0,0,0.029
2005,"W,12-4",1,0,0,1,0.041
2005,"L,1-5",1,0,0,1,-0.063
2005,"L,1-3",0,0,0,1,-0.093
2005,"L,0-2",1,0,1,0,-0.028
2005,"W,4-3",2,0,0,0,0.012
2005,"L,6-8",1,0,0,1,0.034
2005,"W,6-2",2,0,0,0,0.016
2005,"L,4-11",1,0,0,0,-0.001
2005,"L,8-11",0,0,0,1,-0.063
2005,"L,2-6",0,0,0,0,-0.103
2005,"L,3-6",1,0,1,0,0.147
2005,"W,5-0",0,0,0,1,0.010
2005,"W,6-0",2,0,0,0,0.060
2005,"W,4-3",1,0,0,0,-0.025
2005,"W,7-4",2,0,0,0,0.032
2005,"W,13-9",2,1,1,0,0.079
2005,"W,9-4",1,0,0,1,0.066
2005,"W,15-6",2,1,0,1,0.090
2005,"W,6-4",3,0,0,0,0.133
2005,"W,6-3",2,0,0,0,-0.038
2005,"W,6-0",0,0,0,0,-0.091
2005,"L,6-7",2,0,1,0,-0.016
2005,"W,5-2",0,0,0,0,-0.201
2005,"L,1-7",0,0,0,0,0.005
2005,"W,5-3",0,0,1,0,0.000
2005,"W,12-3",0,0,0,0,-0.046
2005,"W,4-2",2,0,0,0,0.096
2005,"W,4-3",1,0,0,1,-0.024
2005,"W,6-3",2,0,1,0,0.118
2005,"L,1-17",0,0,0,0,0.003
2005,"L,2-7",1,1,0,0,0.100
2005,"L,3-5",0,0,0,1,0.028
2005,"L,1-3",0,0,0,0,-0.065
2005,"L,2-5",2,0,0,0,0.081
2005,"L,3-6",0,0,0,0,-0.086
2005,"L,3-4",2,0,0,0,-0.180
2005,"L,1-2",1,0,0,1,-0.133
2005,"W,12-3",1,1,0,2,0.003
2005,"L,1-8",1,0,0,0,-0.040
2005,"W,5-0",2,0,0,1,0.184
2005,"L,3-5",2,0,0,0,0.056
2005,"W,9-0",1,0,0,1,-0.012
2005,"W,7-5",2,0,0,0,-0.102
2005,"W,6-1",2,0,0,1,0.067
2005,"W,9-6",1,0,0,1,-0.119
2005,"W,8-1",2,2,0,0,0.025
2005,"W,6-3",0,0,1,1,-0.002
2005,"L,4-5",1,0,0,0,-0.006
2005,"W,20-11",5,1,0,0,0.139
2005,"L,3-5",0,0,0,0,-0.138
2005,"L,4-9",2,0,0,0,-0.114
2005,"L,4-6",3,1,0,1,0.202
2005,"L,3-10",1,0,0,0,-0.036
2005,"W,5-4",1,0,0,2,0.161
2005,"W,6-4",0,0,0,1,0.011
2005,"L,4-5",1,0,0,0,-0.069
2005,"L,2-10",1,0,0,0,0.058
2005,"W,8-4",1,0,0,1,0.021
2005,"W,1-0",1,0,0,0,-0.128
2005,"W,13-8",2,0,0,1,0.145
2005,"W,12-3",3,0,1,0,0.117
2005,"W,7-2",1,1,0,0,-0.046
2005,"W,5-4",2,0,0,0,0.165
2005,"L,7-8",1,0,0,0,0.100
2005,"W,9-4",1,0,0,1,-0.070
2005,"W,8-6",2,0,0,0,0.075
2005,"L,1-17",0,0,0,0,-0.028
2005,"W,7-4",1,0,0,0,-0.041
2005,"W,5-3",0,0,0,0,-0.061
2005,"W,11-10",1,0,0,0,-0.173
2005,"L,1-2",0,0,0,0,-0.145
2005,"W,8-4",1,0,0,0,-0.027
2005,"L,5-6",1,0,0,0,0.010
2005,"L,3-6",0,0,0,1,-0.071
2005,"L,6-8",4,1,0,1,0.205
2005,"W,4-1",0,0,0,0,-0.080
2005,"W,4-0",2,0,0,0,-0.005
2005,"L,3-7",1,0,0,1,-0.009
2005,"W,6-3",1,0,0,1,0.014
2005,"L,1-4",2,0,0,1,0.127
2005,"W,8-7",1,0,0,1,0.207
2005,"W,8-7",4,0,0,1,0.422
2005,"L,5-6",0,0,0,0,-0.187
2005,"L,4-7",1,0,0,1,0.000
2005,"W,4-3",2,0,0,0,-0.007
2005,"W,6-2",2,0,0,1,0.125
2005,"L,5-8",3,0,0,0,0.180
2005,"W,6-2",3,0,0,1,0.068
2005,"W,3-2",0,0,0,0,-0.049
2005,"L,1-2",0,0,0,0,-0.107
2005,"L,1-2",1,0,0,1,-0.149
2005,"W,9-8",3,1,1,0,0.295
2005,"W,6-5",1,1,0,2,0.117
2005,"W,7-5",1,0,0,0,-0.040
2005,"W,10-3",0,0,0,1,-0.082
2005,"W,5-2",1,0,0,0,0.110
2005,"L,3-4",1,0,0,0,-0.036
2005,"L,6-7",2,0,0,0,-0.048
2005,"W,3-1",0,0,0,0,-0.046
2005,"W,5-0",2,0,0,0,-0.015
2005,"L,2-6",2,0,0,0,0.034
2005,"W,5-4",2,0,0,1,0.090
2005,"L,5-9",2,0,0,1,-0.011
2005,"W,6-2",3,0,0,0,0.064
2005,"W,5-1",2,0,0,0,0.068
2005,"W,8-7",1,0,0,3,0.208
2005,"W,10-3",3,0,0,0,-0.053
2005,"W,7-4",0,0,0,0,-0.083
2005,"L,3-8",2,0,0,0,-0.001
2005,"W,2-0",0,0,0,1,-0.005
2005,"L,1-5",0,0,0,0,-0.132
2005,"L,0-12",1,0,0,1,0.037
2005,"W,7-0",1,0,0,1,0.017
2005,"W,7-3",2,1,1,1,0.137
2005,"L,3-4",2,0,0,0,-0.201
2005,"W,5-4",1,0,0,0,-0.213
2005,"L,4-7",1,0,0,1,-0.010
2005,"W,8-4",1,0,0,1,0.089
2005,"L,2-9",1,0,0,0,-0.051
2005,"W,1-0",0,0,0,0,-0.107
2005,"W,17-3",1,0,0,1,0.038
2005,"W,6-5",2,0,0,1,0.299
2005,"W,9-5",0,0,0,1,-0.071
2005,"W,11-10",2,0,1,0,0.033
2005,"W,1-0",1,0,0,0,-0.122
2005,"L,5-6",1,1,0,0,-0.070
2005,"W,3-2",2,0,0,0,0.113
2005,"W,12-9",2,0,1,0,0.095
2005,"W,2-1",0,0,0,0,-0.101
2005,"W,7-6",2,0,0,0,-0.036
2005,"W,5-0",1,1,0,3,0.123
2005,"L,4-7",1,0,0,1,0.112
2005,"W,8-4",2,0,0,0,0.143
2005,"W,11-3",2,0,0,2,0.130
2005,"L,9-17",2,1,0,1,0.052
2005,"W,2-1",1,0,0,0,-0.016
2005,"W,8-4",0,0,0,1,0.010
2005,"L,3-5",1,1,0,0,-0.004
2005,"W,8-4",2,0,0,0,0.043
2005,"L,1-10",1,0,0,0,-0.049
2004,"L,3-8",0,0,0,0,-0.092
2004,"W,12-1",1,0,0,1,-0.002
2004,"L,4-9",0,0,0,2,-0.036
2004,"W,3-2",2,0,0,0,0.126
2004,"W,3-1",1,0,0,0,-0.053
2004,"L,3-9",1,0,0,0,-0.063
2004,"L,3-7",1,0,0,0,-0.064
2004,"W,5-4",2,0,1,0,0.133
2004,"W,5-1",1,0,0,0,0.011
2004,"L,2-6",1,0,0,0,-0.028
2004,"L,2-5",1,0,0,0,-0.096
2004,"W,7-3",2,0,0,2,0.106
2004,"L,4-5",0,0,0,0,-0.051
2004,"W,11-8",1,0,0,0,-0.044
2004,"W,3-1",0,0,0,0,-0.101
2004,"L,3-4",0,0,0,0,-0.219
2004,"L,2-11",0,0,0,0,-0.036
2004,"L,2-3",0,0,0,1,-0.224
2004,"L,0-2",0,0,0,0,-0.152
2004,"W,10-8",0,0,0,1,-0.092
2004,"W,5-1",0,0,0,1,-0.013
2004,"W,7-5",1,1,0,0,0.031
2004,"W,5-2",1,0,0,1,-0.048
2004,"W,12-4",3,0,1,0,0.092
2004,"W,4-2",0,0,0,0,-0.170
2004,"W,10-8",1,0,0,0,-0.089
2004,"L,4-7",1,0,0,0,-0.029
2004,"L,2-6",1,0,0,0,-0.042
2004,"W,6-0",0,0,0,1,-0.066
2004,"W,7-6",2,1,0,0,0.236
2004,"W,8-7",3,0,1,0,0.321
2004,"L,2-11",2,0,0,0,0.094
2004,"W,7-4",1,0,0,0,-0.002
2004,"W,9-5",0,0,0,0,-0.100
2004,"L,7-13",1,0,0,0,-0.276
2004,"W,2-1",0,0,0,0,-0.091
2004,"L,0-1",0,0,0,0,-0.217
2004,"W,4-2",0,0,0,1,0.038
2004,"W,6-2",2,1,0,0,0.118
2004,"L,7-9",1,0,0,1,-0.054
2004,"L,3-4",0,0,0,0,-0.130
2004,"W,8-3",1,0,0,0,-0.029
2004,"W,11-3",1,0,0,0,-0.072
2004,"W,12-9",3,0,1,0,0.278
2004,"W,18-5",3,0,0,0,0.245
2004,"W,7-5",3,1,0,0,0.169
2004,"W,5-3",1,0,0,0,-0.010
2004,"L,6-7",1,0,1,0,0.054
2004,"W,8-7",4,2,0,0,0.169
2004,"W,6-5",1,1,0,0,0.061
2004,"W,5-2",0,0,0,0,-0.031
2004,"W,7-6",1,0,0,0,0.011
2004,"W,7-5",1,1,0,0,0.252
2004,"W,10-4",1,0,0,2,0.018
2004,"L,2-10",1,0,0,0,-0.038
2004,"W,3-2",3,0,0,0,0.168
2004,"W,6-5",2,0,1,1,0.152
2004,"W,4-2",3,0,0,0,0.082
2004,"W,9-4",2,1,0,0,0.126
2004,"L,1-6",0,0,0,0,-0.170
2004,"L,3-6",1,0,0,0,-0.025
2004,"W,6-2",1,0,0,0,-0.012
2004,"L,4-5",1,0,0,0,-0.078
2004,"W,10-4",2,1,0,1,0.199
2004,"L,2-13",0,0,0,0,-0.040
2004,"W,5-2",2,1,0,0,0.202
2004,"L,3-9",2,0,0,1,0.037
2004,"W,8-1",3,2,0,0,0.151
2004,"W,11-6",1,0,0,0,0.041
2004,"W,11-3",3,0,2,0,0.169
2004,"W,4-2",1,0,0,0,-0.040
2004,"W,5-4",1,0,0,0,-0.012
2004,"L,2-11",0,0,1,2,0.018
2004,"L,9-10",2,0,0,0,-0.001
2004,"L,5-6",3,0,0,0,0.060
2004,"W,10-3",0,0,0,1,-0.040
2004,"L,1-9",1,0,0,0,-0.028
2004,"L,8-10",1,0,0,0,-0.118
2004,"W,7-1",2,0,0,0,0.160
2004,"W,5-4",2,0,1,0,0.061
2004,"W,6-3",1,0,0,0,0.227
2004,"W,10-3",1,0,0,0,-0.019
2004,"W,5-1",1,1,0,0,0.084
2004,"L,0-8",0,0,0,0,-0.032
2004,"W,5-3",2,0,0,0,0.013
2004,"L,2-4",1,0,0,0,0.013
2004,"L,7-9",2,0,0,0,0.024
2004,"W,4-2",1,0,1,1,0.139
2004,"W,8-7",0,0,0,0,-0.231
2004,"L,10-11",1,0,0,1,-0.013
2004,"L,6-9",0,0,0,0,-0.142
2004,"W,6-5",2,0,0,0,-0.054
2004,"W,7-4",1,0,0,0,0.044
2004,"L,2-3",0,0,0,0,-0.122
2004,"L,1-9",0,0,0,0,-0.043
2004,"W,2-1",2,0,1,0,0.029
2004,"W,6-4",1,0,0,1,0.136
2004,"W,9-7",3,0,1,0,0.128
2004,"L,4-13",2,0,1,0,0.008
2004,"W,8-6",2,0,0,0,-0.037
2004,"W,5-1",1,0,1,1,0.017
2004,"W,11-4",3,0,0,1,0.164
2004,"W,6-0",1,0,0,1,0.039
2004,"W,8-2",1,0,1,0,-0.016
2004,"L,4-5",1,0,0,0,-0.054
2004,"L,1-7",1,0,0,0,-0.035
2004,"W,4-2",1,1,0,0,-0.011
2004,"W,5-1",1,0,0,0,-0.053
2004,"W,11-3",2,0,0,0,0.012
2004,"W,6-4",1,0,1,0,-0.029
2004,"L,3-7",1,0,0,0,-0.065
2004,"L,2-8",1,0,0,0,-0.026
2004,"L,2-7",0,0,0,0,-0.062
2004,"W,13-10",0,0,0,0,-0.147
2004,"L,0-5",1,0,1,1,0.038
2004,"L,1-6",1,0,0,0,-0.050
2004,"L,3-4",0,0,0,0,-0.092
2004,"W,6-4",2,0,0,0,0.052
2004,"W,5-4",2,1,2,1,0.318
2004,"L,3-4",1,0,0,0,0.104
2004,"W,7-4",1,0,0,1,0.143
2004,"W,8-7",2,1,0,1,0.101
2004,"W,18-6",1,0,0,2,0.018
2004,"L,4-6",0,0,0,1,-0.198
2004,"L,0-22",0,0,0,0,-0.017
2004,"W,5-3",3,0,1,0,0.209
2004,"W,9-1",0,0,0,2,-0.020
2004,"L,1-3",1,1,0,0,-0.014
2004,"L,0-7",0,0,0,0,-0.054
2004,"W,4-3",2,0,1,2,0.336
2004,"W,7-4",1,0,0,1,0.032
2004,"W,11-2",3,0,0,0,0.000
2004,"W,9-1",2,0,0,0,0.082
2004,"W,10-5",3,1,0,0,0.097
2004,"L,8-14",1,1,0,0,0.192
2004,"W,5-2",2,0,0,0,-0.008
2004,"W,9-7",1,0,0,3,0.080
2004,"L,8-17",2,0,0,0,0.044
2004,"W,4-0",1,0,0,0,0.098
2004,"W,3-0",3,1,0,0,0.106
2004,"L,2-3",0,0,0,0,-0.084
2004,"W,14-4",2,0,0,2,0.041
2004,"W,11-1",3,1,0,0,0.036
2004,"L,3-6",1,0,0,0,-0.111
2004,"W,5-3",2,0,0,0,0.026
2004,"L,4-5",0,0,0,2,-0.029
2004,"W,7-3",3,1,0,1,0.119
2004,"W,6-4",1,0,0,0,-0.082
2004,"L,5-12",0,0,0,0,-0.204
2004,"L,4-11",0,0,0,0,-0.036
2004,"W,5-3",2,0,0,0,0.194
2004,"W,5-4",2,0,1,0,0.015
2004,"W,6-4",1,0,0,0,-0.113
2004,"W,3-2",2,0,0,0,0.148
2003,"W,8-4",1,0,0,1,0.063
2003,"L,3-10",1,0,0,0,-0.069
2003,"L,3-5",2,0,0,0,0.034
2003,"W,10-4",3,0,0,0,0.057
2003,"L,5-8",1,0,0,1,-0.167
2003,"L,2-5",1,0,0,0,-0.018
2003,"L,1-5",0,0,0,0,-0.101
2003,"W,7-3",2,0,0,0,0.095
2003,"L,7-10",2,0,1,0,0.132
2003,"W,4-2",0,0,0,0,-0.054
2003,"L,3-8",1,0,0,0,-0.105
2003,"L,2-5",1,0,0,0,0.019
2003,"L,3-5",2,1,0,0,0.001
2003,"L,4-8",1,0,0,0,-0.038
2003,"W,11-3",2,1,0,1,0.092
2003,"W,6-5",1,0,0,1,-0.002
2003,"W,6-0",2,0,0,1,0.147
2003,"L,2-4",1,0,0,0,0.068
2003,"W,10-9",1,1,0,0,0.037
2003,"L,3-4",1,0,0,0,-0.044
2003,"L,2-6",1,0,0,0,-0.022
2003,"W,10-2",1,0,1,1,0.018
2003,"W,5-3",2,0,0,1,0.053
2003,"L,2-5",0,0,0,1,0.005
2003,"L,7-8",0,0,0,1,-0.115
2003,"W,5-3",0,0,0,1,-0.034
2003,"L,0-8",0,0,0,1,-0.019
2003,"W,6-5",1,0,0,0,-0.077
2003,"W,5-2",1,0,0,0,-0.040
2003,"W,13-4",2,0,0,0,0.028
2003,"W,5-2",0,0,1,0,-0.070
2003,"L,2-11",0,0,0,0,-0.040
2003,"W,10-2",1,0,0,0,-0.048
2003,"W,1-0",1,0,0,1,-0.116
2003,"W,5-0",3,1,1,0,0.091
2003,"W,7-3",2,0,0,1,0.108
2003,"L,2-4",0,0,0,1,-0.121
2003,"W,10-9",2,0,0,1,0.072
2003,"W,8-5",2,0,0,1,0.215
2003,"W,4-3",0,0,0,0,-0.088
2003,"W,6-4",0,0,0,0,-0.032
2003,"W,7-1",3,0,0,0,0.058
2003,"W,9-8",1,1,0,1,0.089
2003,"W,5-3",3,0,0,0,0.076
2003,"W,6-5",2,0,0,0,0.032
2003,"L,3-7",2,0,0,0,-0.030
2003,"L,3-10",2,0,1,1,0.040
2003,"L,2-10",2,0,0,0,0.033
2003,"W,7-1",3,0,0,0,0.038
2003,"W,2-1",0,0,0,0,0.026
2003,"L,0-4",0,0,0,0,-0.010
2003,"W,6-2",4,0,0,0,0.119
2003,"L,2-3",2,0,0,1,0.194
2003,"W,8-5",2,0,0,1,0.067
2003,"L,3-10",1,0,0,0,-0.029
2003,"W,6-2",1,0,0,1,0.041
2003,"W,5-4",1,1,0,1,0.354
2003,"W,10-4",0,0,0,0,-0.067
2003,"W,7-4",2,0,0,0,0.140
2003,"W,7-4",3,0,0,0,0.072
2003,"L,0-8",1,0,1,0,-0.008
2003,"W,4-2",1,0,0,0,0.069
2003,"L,3-5",1,0,0,1,0.009
2003,"W,4-3",0,0,0,2,0.140
2003,"L,4-5",2,0,0,0,-0.101
2003,"L,4-6",2,0,0,1,0.050
2003,"W,6-2",3,0,0,0,0.030
2003,"W,8-0",1,0,0,1,0.036
2003,"W,2-1",1,0,0,2,-0.004
2003,"L,2-3",1,0,0,0,-0.099
2003,"W,10-7",2,0,0,0,0.107
2003,"L,1-2",1,0,0,0,-0.031
2003,"W,6-2",2,2,0,0,0.221
2003,"L,4-5",1,0,0,1,-0.078
2003,"W,7-5",2,0,0,1,0.120
2003,"W,9-7",1,0,0,0,-0.099
2003,"L,1-2",0,0,0,0,-0.067
2003,"L,6-8",3,1,0,0,0.026
2003,"L,9-12",1,0,1,0,-0.125
2003,"W,6-0",1,0,0,0,0.004
2003,"L,0-11",1,0,0,1,-0.040
2003,"W,8-5",1,0,1,0,0.007
2003,"W,6-4",1,0,0,2,-0.039
2003,"W,5-4",1,0,0,0,-0.191
2003,"W,8-0",3,0,0,0,0.090
2003,"W,11-6",2,0,1,0,0.094
2003,"W,6-3",1,0,0,0,-0.047
2003,"W,8-7",1,0,0,0,0.075
2003,"L,3-4",2,0,0,0,0.076
2003,"L,2-7",0,0,0,0,-0.055
2003,"W,7-0",1,0,0,0,0.046
2003,"W,5-2",1,0,0,2,0.099
2003,"L,2-13",1,0,0,0,-0.038
2003,"L,2-11",2,0,0,0,0.036
2003,"W,7-5",0,0,0,1,0.038
2003,"L,5-10",2,0,0,1,0.066
2003,"W,10-7",2,0,0,0,-0.018
2003,"W,8-4",2,0,0,0,0.045
2003,"W,3-1",1,0,1,1,-0.025
2003,"W,9-3",3,0,0,0,0.106
2003,"W,4-2",1,0,0,0,-0.057
2003,"W,15-5",1,0,0,0,-0.001
2003,"W,5-2",2,0,0,0,0.000
2003,"W,10-4",1,0,0,0,-0.052
2003,"W,6-5",0,0,0,1,-0.001
2003,"W,6-3",1,0,0,2,-0.019
2003,"L,2-5",1,1,0,0,0.181
2003,"W,13-1",1,0,0,0,-0.044
2003,"W,6-3",2,0,0,0,-0.019
2003,"L,3-5",1,0,0,0,-0.069
2003,"T,1-1",1,0,0,0,-0.013
2003,"W,2-1",1,0,0,0,-0.033
2003,"W,7-1",2,0,0,0,0.081
2003,"L,3-6",1,0,0,0,-0.268
2003,"W,7-0",1,0,0,1,-0.015
2003,"L,4-9",0,0,0,0,-0.036
2003,"W,11-2",2,0,0,0,0.023
2003,"W,6-2",3,0,1,0,0.020
2003,"W,3-1",0,0,0,0,-0.048
2002,"L,3-10",1,1,1,2,0.113
2002,"W,1-0",0,0,0,0,-0.107
2002,"W,4-1",1,0,0,0,-0.046
2002,"W,4-0",2,0,0,0,0.107
2002,"W,3-0",0,0,0,1,-0.015
2002,"W,7-2",3,0,1,1,0.202
2002,"W,16-3",3,0,0,0,-0.042
2002,"W,5-2",2,0,1,0,0.103
2002,"L,7-9",1,0,0,0,-0.083
2002,"L,3-11",0,0,0,0,-0.072
2002,"L,2-3",0,0,0,0,-0.152
2002,"L,6-7",2,0,0,0,0.105
2002,"W,6-2",1,0,1,2,0.038
2002,"L,3-4",1,1,0,0,0.051
2002,"L,4-5",2,0,1,0,-0.116
2002,"W,7-1",0,0,0,0,-0.079
2002,"W,8-4",2,0,2,0,-0.008
2002,"W,6-5",3,0,0,0,0.030
2002,"L,4-5",0,0,0,2,-0.031
2002,"W,9-2",1,0,0,2,0.042
2002,"W,2-1",0,0,0,0,-0.076
2002,"W,8-5",2,1,0,1,0.218
2002,"L,2-6",0,0,0,1,-0.016
2002,"W,7-1",3,0,0,0,0.111
2002,"L,0-1",1,0,0,0,-0.148
2002,"W,4-3",2,0,0,0,0.011
2002,"W,8-2",1,0,0,0,-0.030
2002,"L,1-4",1,0,0,0,-0.055
2002,"W,9-2",3,0,0,1,0.189
2002,"L,2-6",1,0,0,0,-0.006
2002,"L,5-9",1,0,0,1,-0.119
2002,"L,6-10",0,0,0,0,-0.058
2002,"W,5-2",2,0,1,0,0.124
2002,"W,7-2",0,0,0,1,0.023
2002,"W,3-1",3,1,0,0,0.141
2002,"W,5-3",2,1,0,0,0.242
2002,"W,4-2",1,0,0,0,-0.039
2002,"W,10-4",2,1,0,0,-0.004
2002,"W,10-3",1,0,2,1,-0.053
2002,"L,7-10",1,0,0,1,-0.002
2002,"W,13-0",1,0,0,1,-0.024
2002,"W,13-12",2,0,0,0,-0.152
2002,"W,6-2",2,0,0,0,0.027
2002,"W,3-0",1,0,0,0,-0.030
2002,"W,6-3",1,0,0,1,0.032
2002,"W,4-1",1,0,0,1,0.007
2002,"L,3-8",1,0,0,0,-0.039
2002,"L,1-3",2,0,0,0,0.025
2002,"L,8-9",2,0,0,0,-0.157
2002,"W,3-2",1,0,1,0,-0.063
2002,"W,14-5",0,0,0,3,0.045
2002,"W,10-6",2,0,0,0,0.049
2002,"W,4-2",1,0,0,1,0.174
2002,"W,6-3",1,0,0,1,-0.014
2002,"L,2-5",0,0,0,1,-0.053
2002,"W,10-2",1,1,0,1,0.154
2002,"L,1-7",1,0,1,1,0.068
2002,"L,3-4",0,0,0,1,-0.025
2002,"W,13-5",2,0,0,0,0.299
2002,"L,3-4",0,0,0,0,-0.155
2002,"W,2-1",2,0,0,0,0.074
2002,"L,3-4",0,0,0,0,-0.096
2002,"W,4-2",0,0,0,0,-0.027
2002,"W,7-5",1,1,0,0,0.049
2002,"W,6-4",1,0,0,0,-0.074
2002,"L,5-9",0,0,0,1,-0.057
2002,"W,4-2",2,0,3,1,0.475
2002,"L,0-8",1,0,2,0,-0.031
2002,"L,2-3",2,0,0,0,-0.010
2002,"W,10-5",3,1,0,0,0.089
2002,"W,20-10",2,0,0,0,-0.030
2002,"L,11-14",3,0,0,0,0.031
2002,"L,1-9",0,0,0,0,0.005
2002,"W,1-0",0,0,0,0,-0.090
2002,"W,3-2",2,0,0,1,0.108
2002,"L,3-4",2,1,0,0,-0.013
2002,"L,7-8",1,0,0,1,-0.341
2002,"W,3-2",1,0,1,0,-0.039
2002,"W,11-5",2,0,0,1,0.027
2002,"L,2-11",2,1,0,1,0.129
2002,"W,8-0",2,0,1,1,0.024
2002,"W,10-5",3,0,0,0,0.182
2002,"W,11-8",2,0,0,1,0.067
2002,"W,7-1",0,0,0,0,-0.015
2002,"W,10-6",1,1,0,1,0.217
2002,"W,7-4",2,0,0,1,0.160
2002,"L,1-2",1,0,0,0,-0.038
2002,"W,14-5",1,0,1,2,0.062
2002,"L,7-10",0,0,1,2,0.041
2002,"L,5-8",2,0,0,1,-0.002
2002,"W,7-6",0,0,0,0,-0.150
2002,"W,2-1",0,0,0,1,-0.066
2002,"W,6-5",2,0,0,0,0.072
2002,"L,2-4",1,0,0,2,0.122
2002,"W,9-8",2,0,2,1,-0.019
2002,"W,9-8",2,0,0,0,0.151
2002,"L,3-9",1,0,0,0,-0.014
2002,"W,14-7",2,0,0,1,0.044
2002,"W,12-9",1,0,1,0,0.012
2002,"L,4-7",0,0,0,0,-0.142
2002,"W,9-1",1,0,0,1,0.038
2002,"W,9-2",1,0,0,1,0.076
2002,"W,9-6",2,0,1,0,0.177
2002,"L,6-17",0,0,0,1,-0.014
2002,"L,1-2",1,0,0,1,0.063
2002,"W,4-0",2,0,0,0,0.036
2002,"L,4-5",1,0,0,0,-0.023
2002,"W,7-5",1,0,1,0,-0.217
2002,"L,2-6",0,0,0,1,-0.050
2002,"W,6-2",1,1,1,1,-0.005
2002,"W,6-3",0,0,0,1,-0.022
2002,"L,2-3",1,0,0,1,-0.141
2002,"L,0-8",0,0,0,0,-0.160
2002,"W,8-5",2,0,0,1,0.145
2002,"W,10-5",2,0,0,0,0.012
2002,"W,3-2",4,0,0,0,0.008
2002,"W,7-5",1,0,0,0,-0.066
2002,"W,9-3",2,0,0,0,0.002
2002,"W,8-3",3,1,0,0,0.063
2002,"L,2-5",0,0,0,0,-0.087
2002,"W,7-5",1,0,0,1,0.097
2002,"L,1-5",0,0,0,1,-0.107
2002,"W,4-2",3,0,0,0,0.127
2002,"L,2-6",1,1,0,0,0.003
2002,"W,3-2",0,0,0,0,-0.055
2002,"L,2-6",0,0,0,0,-0.135
2002,"W,10-3",2,0,0,1,-0.024
2002,"W,6-0",3,0,1,0,0.068
2002,"W,7-0",2,0,1,1,0.082
2002,"L,4-7",2,0,0,0,0.012
2002,"W,9-7",1,0,0,0,-0.038
2002,"L,1-5",1,0,0,0,-0.026
2002,"L,6-7",1,0,1,2,0.134
2002,"L,4-8",0,0,0,0,-0.250
2002,"W,4-2",1,1,0,0,0.053
2002,"W,3-1",1,0,0,0,-0.092
2002,"W,9-3",1,0,1,1,0.087
2002,"W,8-1",1,0,0,0,0.099
2002,"L,1-2",0,0,0,1,-0.195
2002,"W,6-4",1,1,0,0,-0.010
2002,"W,5-2",1,0,0,1,0.086
2002,"W,5-4",0,0,0,1,-0.051
2002,"W,7-3",1,0,0,0,0.007
2002,"L,2-13",1,0,0,0,0.056
2002,"L,1-8",2,0,0,0,-0.054
2002,"W,8-4",1,0,0,0,0.002
2002,"L,7-9",0,0,0,0,0.012
2002,"W,7-1",0,0,0,2,-0.030
2002,"L,2-3",1,0,0,1,-0.181
2002,"W,5-1",2,0,0,0,0.048
2002,"W,3-2",0,0,0,0,-0.089
2002,"L,2-3",0,0,0,1,-0.135
2002,"W,6-0",1,0,0,0,0.031
2002,"W,4-3",3,0,1,0,0.177
2002,"W,6-2",2,1,0,0,0.053
2002,"W,4-2",2,0,0,1,0.069
2002,"W,6-1",1,0,0,0,-0.042
2001,"L,2-3",1,0,0,0,-0.209
2001,"W,16-5",3,0,0,0,0.054
2001,"W,13-4",4,0,0,0,0.018
2001,"W,9-5",0,0,0,0,-0.129
2001,"W,8-5",1,0,0,1,-0.031
2001,"L,2-3",1,0,0,1,0.053
2001,"W,3-2",1,0,1,0,0.025
2001,"L,4-5",0,0,0,2,0.002
2001,"L,1-4",1,0,0,0,-0.044
2001,"L,5-6",2,0,0,1,0.068
2001,"L,2-7",1,0,0,0,-0.028
2001,"W,6-5",3,0,0,1,-0.063
2001,"W,6-1",2,0,2,1,0.095
2001,"L,3-8",1,0,1,1,0.067
2001,"W,4-3",1,0,0,0,-0.175
2001,"L,5-7",0,0,0,0,-0.088
2001,"L,5-7",1,0,0,0,-0.141
2001,"L,3-7",1,0,0,1,-0.033
2001,"W,3-2",2,0,0,0,0.127
2001,"W,7-6",0,0,0,1,-0.021
2001,"W,3-1",2,0,0,0,0.101
2001,"L,1-2",0,0,0,0,-0.137
2001,"W,4-0",1,0,0,2,0.021
2001,"L,2-4",0,0,0,1,-0.049
2001,"W,7-5",0,0,0,1,-0.065
2001,"W,6-5",2,0,1,2,0.073
2001,"W,5-2",2,0,1,0,0.091
2001,"W,2-1",2,0,0,0,0.079
2001,"L,0-2",1,0,0,2,0.125
2001,"W,2-0",0,0,0,0,-0.055
2001,"L,4-5",1,1,0,0,0.001
2001,"W,14-5",1,0,1,3,0.048
2001,"W,8-5",1,1,0,1,0.411
2001,"L,5-10",1,0,0,0,-0.139
2001,"L,2-3",3,0,0,0,-0.115
2001,"L,3-4",2,1,0,1,0.262
2001,"L,3-8",0,0,0,0,-0.129
2001,"W,14-10",2,0,0,0,0.353
2001,"W,2-1",2,0,1,0,0.306
2001,"L,2-6",2,0,0,0,0.084
2001,"W,7-3",5,1,0,0,0.124
2001,"W,2-1",0,0,1,1,-0.059
2001,"L,4-6",1,0,0,0,-0.056
2001,"W,12-5",3,0,0,2,0.077
2001,"W,6-2",1,0,0,0,0.031
2001,"W,4-3",1,0,1,1,-0.073
2001,"L,0-3",0,0,0,0,-0.112
2001,"L,4-7",0,0,0,0,-0.054
2001,"W,9-4",1,0,0,0,-0.060
2001,"L,3-4",1,1,0,1,0.051
2001,"W,7-6",1,0,0,1,0.281
2001,"L,3-10",0,0,0,0,0.024
2001,"W,7-4",1,0,0,1,0.032
2001,"W,4-0",1,0,0,0,0.005
2001,"W,7-4",0,0,0,2,0.052
2001,"L,6-10",0,0,0,0,0.001
2001,"L,1-4",1,0,0,0,-0.047
2001,"L,1-2",1,0,0,0,-0.206
2001,"W,9-3",1,0,1,0,0.007
2001,"W,9-6",1,0,0,1,0.086
2001,"W,5-4",2,0,1,0,0.101
2001,"W,2-1",0,0,1,1,-0.014
2001,"L,7-8",1,0,0,0,0.019
2001,"W,10-1",2,0,0,0,0.144
2001,"L,1-7",1,0,0,0,-0.033
2001,"L,2-5",1,0,0,0,-0.063
2001,"W,6-3",2,0,0,0,0.134
2001,"W,2-1",0,0,0,1,-0.095
2001,"L,4-5",1,1,0,0,-0.167
2001,"W,8-7",2,0,0,1,0.046
2001,"L,3-5",1,0,0,0,-0.215
2001,"W,15-5",3,0,1,0,0.086
2001,"W,7-5",2,0,1,1,0.008
2001,"W,5-4",0,0,0,0,-0.135
2001,"W,6-1",2,0,2,0,0.052
2001,"W,7-1",0,0,0,0,-0.053
2001,"W,10-6",3,1,0,0,0.080
2001,"W,4-3",2,0,0,0,0.003
2001,"W,6-3",2,0,0,0,0.007
2001,"W,8-3",1,0,0,1,0.055
2001,"L,0-3",0,0,0,0,-0.155
2001,"W,4-1",2,1,0,0,0.145
2001,"L,3-9",1,0,0,2,0.097
2001,"L,1-11",0,0,0,0,-0.132
2001,"W,5-4",3,0,0,0,0.116
2001,"L,3-9",2,1,0,0,0.166
2001,"W,6-3",0,0,0,0,-0.020
2001,"W,4-1",1,0,0,3,0.135
2001,"W,8-5",3,0,0,0,0.044
2001,"L,4-12",2,0,0,0,0.011
2001,"L,2-11",0,0,0,0,-0.038
2001,"L,4-10",1,0,1,0,-0.047
2001,"L,3-5",2,0,2,0,-0.082
2001,"W,7-3",0,0,0,0,-0.032
2001,"W,7-2",0,0,0,0,-0.025
2001,"W,6-5",3,0,1,1,0.068
2001,"W,4-2",3,1,1,0,0.208
2001,"W,14-8",2,0,0,1,0.131
2001,"W,9-1",1,0,0,1,0.080
2001,"W,12-1",1,0,0,0,-0.047
2001,"W,9-3",2,0,0,0,-0.040
2001,"L,2-6",1,0,0,0,-0.025
2001,"W,9-7",3,1,0,0,0.152
2001,"L,2-12",0,0,0,1,0.001
2001,"W,4-2",2,0,0,0,0.057
2001,"W,5-4",2,1,1,0,0.108
2001,"L,3-4",3,0,0,0,0.177
2001,"L,1-3",0,0,0,0,-0.136
2001,"L,2-3",2,0,0,0,0.102
2001,"W,16-1",2,0,0,0,-0.040
2001,"W,4-3",1,0,0,0,-0.160
2001,"L,1-8",0,0,0,0,-0.027
2001,"L,6-8",4,1,0,0,0.158
2001,"L,2-4",0,0,0,0,-0.084
2001,"W,5-3",1,1,0,1,0.037
2001,"W,10-3",3,1,0,0,0.059
2001,"W,12-5",1,0,0,0,0.036
2001,"W,4-0",1,1,0,1,0.096
2001,"L,6-7",2,1,0,1,-0.073
2001,"L,2-10",0,0,0,1,-0.068
2001,"W,9-5",1,0,0,0,0.046
2001,"L,3-13",0,0,0,0,-0.053
2001,"L,1-8",0,0,0,0,-0.227
2001,"W,5-2",2,1,1,0,0.079
2001,"L,2-6",2,0,0,0,-0.037
2001,"W,7-5",1,0,0,0,-0.027
2001,"L,6-7",1,0,0,1,0.058
2001,"W,4-0",3,0,0,0,0.040
2001,"L,2-3",2,0,0,0,0.020
2001,"W,5-4",3,0,1,0,0.321
2001,"W,3-1",1,0,0,0,-0.147
2001,"W,2-1",0,0,0,0,-0.100
2001,"W,1-0",0,0,1,0,-0.166
2001,"W,7-5",1,0,1,2,0.151
2001,"L,0-14",0,0,0,0,-0.023
2001,"W,11-3",3,0,0,0,0.053
2001,"W,6-3",2,2,0,0,0.301
2001,"L,5-7",0,0,0,0,-0.187
2001,"L,6-7",0,0,0,0,-0.109
2001,"L,0-4",0,0,0,0,-0.040
2001,"W,5-1",2,0,0,0,0.017
2001,"W,7-0",2,0,0,0,0.046
2001,"L,2-7",1,0,0,0,-0.013
2001,"T,1-1",0,0,0,0,-0.093
2001,"W,8-1",2,0,0,0,0.122
2001,"W,6-4",3,1,0,0,0.255
2001,"W,2-1",1,0,0,1,0.029
2001,"L,1-4",0,0,0,1,-0.070
2001,"L,4-8",2,0,0,0,-0.017
2001,"W,1-0",0,0,0,0,-0.059
2000,"W,3-2",1,0,0,0,0.015
2000,"W,5-3",2,0,1,0,-0.028
2000,"L,6-12",0,0,0,0,-0.067
2000,"L,5-7",2,1,0,0,0.231
2000,"W,3-2",2,0,1,0,0.073
2000,"L,3-9",1,0,0,0,0.085
2000,"W,8-6",1,0,0,0,0.052
2000,"W,5-1",0,0,0,1,-0.083
2000,"W,7-5",3,0,2,1,0.159
2000,"W,7-1",2,0,0,0,0.038
2000,"W,8-4",1,0,1,2,0.082
2000,"W,5-4",1,0,0,0,-0.112
2000,"W,6-3",2,1,0,1,0.073
2000,"W,5-4",1,0,0,0,-0.058
2000,"L,3-8",1,0,0,0,-0.072
2000,"L,2-8",1,0,0,0,0.008
2000,"W,10-7",2,0,1,1,0.128
2000,"L,3-7",0,0,0,2,-0.014
2000,"L,1-6",1,0,1,1,-0.011
2000,"W,2-0",1,1,0,0,0.065
2000,"W,6-0",2,0,0,1,0.011
2000,"L,2-6",1,0,0,0,-0.034
2000,"W,7-1",1,0,0,0,-0.133
2000,"W,2-1",0,0,0,1,-0.060
2000,"W,4-2",0,0,0,1,-0.032
2000,"W,6-5",2,0,1,1,0.040
2000,"W,12-10",0,0,0,0,-0.328
2000,"W,3-1",2,0,0,0,0.008
2000,"L,6-7",0,0,0,0,-0.183
2000,"W,6-3",0,0,0,0,-0.105
2000,"W,4-3",0,0,0,1,-0.110
2000,"L,0-1",0,0,0,0,-0.017
2000,"W,8-3",3,0,1,0,0.196
2000,"L,0-2",3,0,1,0,0.262
2000,"W,4-1",1,0,0,0,0.076
2000,"L,4-7",3,1,0,0,0.072
2000,"L,7-8",1,0,0,0,-0.182
2000,"W,5-2",2,0,0,0,0.003
2000,"L,7-11",4,0,1,2,0.357
2000,"W,7-6",3,0,0,0,0.011
2000,"L,4-6",3,0,0,0,0.080
2000,"W,8-1",0,0,0,1,-0.123
2000,"W,7-2",1,0,0,0,0.024
2000,"L,2-12",3,0,0,0,0.037
2000,"W,13-5",3,1,1,0,0.012
2000,"L,3-5",1,0,0,1,-0.029
2000,"W,2-1",0,0,0,0,-0.173
2000,"L,3-12",2,0,0,0,0.106
2000,"L,1-3",1,0,1,1,0.016
2000,"L,9-10",2,0,1,0,-0.021
2000,"L,4-17",1,0,0,0,0.004
2000,"W,22-1",2,1,0,0,0.155
2000,"W,3-0",1,1,0,0,0.056
2000,"L,7-9",1,0,0,0,-0.065
2000,"L,2-4",0,0,0,0,-0.110
2000,"L,3-4",1,0,0,0,0.069
2000,"W,12-8",3,0,0,0,0.104
2000,"L,7-8",2,0,1,0,0.003
2000,"L,6-7",2,0,0,0,0.102
2000,"L,6-13",2,0,0,0,0.022
2000,"W,8-0",3,0,0,0,0.032
2000,"L,4-6",0,0,0,0,-0.142
2000,"W,6-1",1,0,1,0,-0.137
2000,"W,5-2",0,0,0,1,-0.013
2000,"L,6-7",1,0,0,0,0.103
2000,"W,12-6",2,1,0,0,0.035
2000,"W,13-9",1,1,0,1,0.152
2000,"W,2-1",2,0,0,0,-0.028
2000,"W,4-2",2,0,0,0,0.112
2000,"W,4-2",0,0,0,0,-0.049
2000,"L,0-2",1,0,0,0,-0.019
2000,"L,9-11",2,0,0,0,-0.049
2000,"W,6-2",1,0,0,1,0.020
2000,"W,9-8",1,0,0,1,0.245
2000,"L,8-10",1,0,0,0,-0.095
2000,"W,3-1",1,0,0,1,-0.002
2000,"W,9-1",2,0,0,2,0.196
2000,"L,3-5",1,0,0,0,-0.095
2000,"W,11-1",4,0,0,0,0.093
2000,"L,4-12",2,0,0,0,0.041
2000,"W,5-1",2,0,0,1,0.153
2000,"W,4-3",1,0,0,0,0.004
2000,"W,19-1",2,1,0,1,0.032
2000,"W,4-1",0,0,0,1,-0.049
2000,"L,3-9",2,0,0,0,0.039
2000,"W,9-5",0,0,0,0,-0.120
2000,"L,2-6",1,0,0,1,0.172
2000,"W,7-4",1,0,0,0,0.019
2000,"W,5-4",0,0,0,1,-0.129
2000,"L,1-4",1,0,0,0,-0.099
2000,"W,3-2",1,0,1,1,-0.050
2000,"W,13-6",1,0,0,0,-0.074
2000,"L,5-6",0,0,0,0,-0.128
2000,"L,1-11",0,0,0,1,-0.133
2000,"L,5-8",1,0,0,0,-0.069
2000,"W,4-3",1,0,0,0,-0.123
2000,"W,12-1",0,0,0,0,0.071
2000,"W,12-6",2,0,0,0,0.032
2000,"L,3-8",1,0,0,0,-0.063
2000,"L,6-9",3,0,0,0,-0.007
2000,"W,4-1",1,0,0,0,-0.065
2000,"W,7-3",2,1,0,1,0.152
2000,"W,10-2",3,0,0,1,0.064
2000,"L,0-5",1,0,1,2,0.097
2000,"W,6-1",1,0,0,3,0.034
2000,"L,8-9",2,0,0,2,0.212
2000,"W,9-1",1,0,0,1,0.025
2000,"L,4-5",0,0,0,1,-0.111
2000,"W,12-3",1,1,0,1,0.127
2000,"L,4-5",0,0,0,1,-0.160
2000,"W,10-9",3,0,0,1,0.046
2000,"W,8-7",2,0,0,0,0.001
2000,"L,1-8",0,0,0,1,-0.045
2000,"W,10-6",2,0,0,0,0.049
2000,"W,7-5",3,0,0,0,0.027
2000,"W,9-1",2,0,1,1,0.097
2000,"L,3-5",0,0,0,2,-0.005
2000,"W,5-4",2,0,0,1,0.055
2000,"W,4-2",1,0,0,1,0.029
2000,"W,13-4",2,0,1,2,0.031
2000,"L,1-2",1,0,0,1,0.035
2000,"W,4-3",1,0,0,1,0.047
2000,"W,10-5",2,0,0,2,0.074
2000,"L,2-3",1,1,0,1,0.092
2000,"W,7-3",1,0,0,0,-0.069
2000,"W,4-0",1,0,2,2,0.156
2000,"W,5-3",1,0,0,0,-0.036
2000,"W,6-2",2,0,0,0,0.047
2000,"L,0-4",1,0,0,1,0.005
2000,"W,10-2",0,0,0,1,-0.015
2000,"W,3-2",1,0,0,0,0.017
2000,"L,2-3",4,1,0,0,0.296
2000,"L,1-11",1,0,0,0,-0.050
2000,"L,4-15",0,0,0,1,0.017
2000,"L,0-2",0,0,0,0,-0.110
2000,"L,3-16",0,0,0,0,-0.065
2000,"L,2-7",2,0,0,1,0.051
2000,"L,1-3",1,0,0,0,-0.003
2000,"L,6-9",4,0,0,0,0.162
2000,"W,13-8",4,1,0,0,0.398
2000,"W,6-3",2,0,0,0,-0.027
2000,"L,4-15",3,0,0,0,0.081
2000,"L,1-2",1,0,0,0,-0.049
2000,"L,1-11",2,0,0,1,0.032
2000,"L,3-11",2,0,0,0,0.072
2000,"L,2-13",0,0,0,1,0.029
2000,"L,1-9",2,0,0,0,0.021
2000,"L,3-7",0,0,0,0,-0.088
1999,"L,3-5",3,1,0,0,0.239
1999,"W,7-4",3,0,0,0,0.137
1999,"W,4-0",1,0,0,0,-0.043
1999,"W,12-3",0,0,0,2,0.001
1999,"W,5-0",1,0,0,1,0.083
1999,"W,11-2",2,1,0,2,0.114
1999,"W,6-3",2,1,0,1,0.243
1999,"W,14-7",2,0,0,1,0.037
1999,"L,7-9",3,0,0,0,0.175
1999,"L,1-8",1,1,0,0,0.047
1999,"L,1-3",1,0,0,2,-0.022
1999,"L,1-5",2,0,0,0,-0.039
1999,"W,4-0",1,0,0,0,-0.045
1999,"W,4-2",1,1,0,2,0.263
1999,"W,6-4",0,0,0,2,-0.018
1999,"W,7-4",2,0,0,0,0.133
1999,"W,4-3",2,0,0,0,-0.085
1999,"W,7-6",2,0,0,0,0.057
1999,"L,6-8",1,0,0,1,-0.034
1999,"W,5-3",1,0,0,0,-0.027
1999,"L,6-13",0,0,0,1,-0.101
1999,"W,8-4",1,0,0,1,-0.020
1999,"W,9-8",2,0,0,0,0.008
1999,"L,3-9",0,0,0,1,-0.078
1999,"L,5-8",1,0,0,0,-0.028
1999,"W,5-3",1,0,0,1,0.019
1999,"W,4-3",3,0,0,0,0.057
1999,"W,10-1",3,1,1,0,0.308
1999,"L,5-14",1,0,0,1,0.018
1999,"W,6-1",2,1,1,0,0.136
1999,"L,7-9",1,1,1,1,0.186
1999,"L,0-1",1,0,1,0,0.034
1999,"L,0-2",1,0,0,3,0.114
1999,"L,2-8",1,0,0,0,-0.051
1999,"L,4-12",1,0,0,0,-0.024
1999,"W,2-1",1,0,0,0,-0.034
1999,"L,3-6",2,0,0,1,0.086
1999,"L,0-6",1,0,0,0,-0.017
1999,"W,3-1",1,0,0,1,-0.021
1999,"W,10-2",1,0,0,1,-0.024
1999,"L,1-2",0,0,0,2,0.143
1999,"W,8-7",2,1,1,1,0.318
1999,"L,2-5",0,0,0,1,-0.068
1999,"W,8-3",2,0,0,0,0.041
1999,"W,4-1",2,0,1,0,0.079
1999,"W,10-6",3,0,0,0,0.205
1999,"W,8-3",2,0,0,1,0.175
1999,"W,8-3",3,0,1,1,0.269
1999,"L,1-7",1,0,0,0,-0.031
1999,"W,11-5",2,0,0,1,0.245
1999,"L,7-10",1,0,0,1,0.017
1999,"W,4-3",1,1,0,1,0.234
1999,"W,6-3",1,0,0,1,0.021
1999,"L,2-7",0,0,0,0,-0.061
1999,"L,5-6",2,0,0,1,0.155
1999,"L,5-11",2,1,0,0,0.090
1999,"W,11-5",2,0,1,1,0.106
1999,"W,8-4",3,0,0,0,-0.007
1999,"W,5-4",2,0,0,0,0.091
1999,"L,2-8",2,0,1,0,0.038
1999,"W,8-2",2,0,0,1,0.035
1999,"W,6-2",1,1,0,0,0.138
1999,"L,0-3",1,0,1,0,0.096
1999,"L,2-4",0,0,0,1,-0.079
1999,"W,4-1",2,0,1,0,0.152
1999,"W,6-2",1,0,0,0,0.054
1999,"L,2-4",2,0,0,0,0.081
1999,"W,7-0",1,0,1,0,0.093
1999,"W,12-4",2,0,0,1,0.009
1999,"W,7-3",2,0,0,0,-0.029
1999,"W,9-8",1,0,0,0,0.036
1999,"W,7-4",2,0,0,0,0.014
1999,"W,3-0",1,1,0,2,0.156
1999,"L,2-8",1,0,0,0,-0.171
1999,"W,6-0",2,0,0,2,0.086
1999,"W,2-1",2,0,0,0,0.045
1999,"W,6-5",1,1,0,0,0.123
1999,"L,3-7",2,0,1,0,0.080
1999,"L,1-9",0,0,0,0,-0.155
1999,"W,9-8",3,0,0,1,0.058
1999,"L,4-6",2,0,0,0,0.094
1999,"W,3-2",2,0,0,1,0.073
1999,"L,2-5",1,0,0,0,-0.031
1999,"L,8-9",0,0,0,1,-0.080
1999,"W,6-3",1,0,0,0,-0.066
1999,"L,2-6",2,0,0,0,-0.006
1999,"L,7-10",3,1,0,1,0.287
1999,"W,11-4",1,0,0,0,0.059
1999,"W,6-0",1,1,0,0,0.063
1999,"L,4-6",2,0,0,1,0.311
1999,"W,7-4",2,0,0,0,0.176
1999,"W,4-3",1,1,0,0,0.247
1999,"W,5-4",1,0,0,1,0.031
1999,"W,9-8",1,0,0,0,0.473
1999,"W,21-1",1,0,0,1,0.048
1999,"W,2-1",2,1,0,0,0.117
1999,"W,5-3",0,0,0,1,-0.034
1999,"L,3-11",2,0,0,0,0.005
1999,"L,1-5",1,0,0,0,-0.008
1999,"W,13-3",2,1,0,0,0.190
1999,"L,5-6",0,0,0,0,-0.350
1999,"L,4-5",0,0,0,0,-0.364
1999,"W,3-1",1,1,0,0,0.119
1999,"L,1-3",0,0,0,0,-0.247
1999,"W,8-3",1,0,0,2,0.028
1999,"W,7-4",0,0,0,0,-0.077
1999,"W,1-0",1,0,1,0,-0.012
1999,"W,9-3",1,0,0,2,-0.033
1999,"W,12-8",2,1,0,2,0.097
1999,"L,1-6",0,0,0,0,-0.133
1999,"W,5-3",2,0,0,0,0.004
1999,"W,14-2",3,0,0,0,0.080
1999,"L,3-6",1,0,0,1,-0.039
1999,"L,3-5",2,0,0,0,-0.014
1999,"W,2-0",0,0,0,0,-0.086
1999,"W,5-2",1,0,0,0,-0.068
1999,"L,0-3",1,0,0,0,-0.123
1999,"L,1-4",0,0,0,0,-0.113
1999,"W,9-3",2,0,0,0,0.033
1999,"L,1-6",2,0,0,0,0.031
1999,"W,5-3",2,0,0,1,0.043
1999,"W,21-3",1,0,0,0,-0.055
1999,"W,10-7",0,0,0,1,-0.053
1999,"W,8-0",3,0,0,0,0.207
1999,"W,2-1",1,0,0,0,-0.081
1999,"W,11-5",2,0,0,1,0.079
1999,"W,7-4",1,0,0,0,0.016
1999,"L,2-3",1,0,0,1,-0.167
1999,"L,1-7",1,0,0,0,-0.006
1999,"W,9-3",1,0,0,2,0.100
1999,"L,2-8",3,0,0,0,-0.079
1999,"W,9-6",2,0,1,1,0.108
1999,"W,8-3",4,1,0,0,0.163
1999,"L,3-5",1,0,0,0,0.007
1999,"L,3-6",1,0,0,1,0.045
1999,"W,9-5",2,0,1,2,0.101
1999,"L,1-3",0,0,0,0,-0.091
1999,"L,10-11",1,0,1,1,-0.048
1999,"L,1-4",1,0,0,0,-0.006
1999,"L,1-2",1,0,0,0,0.014
1999,"W,10-6",1,0,0,2,0.038
1999,"W,6-4",0,0,0,1,0.053
1999,"W,9-5",1,0,0,3,0.066
1999,"W,9-4",1,0,0,3,0.076
1999,"L,4-5",3,1,0,0,0.068
1999,"W,11-7",3,1,1,0,0.075
1999,"W,3-1",1,0,1,0,-0.040
1999,"W,5-4",1,0,0,2,0.109
1999,"W,5-2",2,0,0,1,0.026
1999,"W,4-3",0,0,0,0,-0.210
1999,"L,1-2",0,0,0,2,-0.036
1999,"L,5-6",2,0,0,0,0.101
1999,"L,6-10",2,0,0,0,0.039
1999,"W,9-5",1,0,0,3,0.069
1999,"L,0-5",1,0,0,0,0.014
1999,"W,12-5",2,0,0,2,0.016
1999,"W,11-7",2,0,0,1,0.103
1999,"W,3-2",1,0,0,0,-0.039
1998,"L,1-4",0,0,0,0,-0.109
1998,"L,2-10",1,0,1,0,-0.063
1998,"L,3-7",1,0,0,1,0.074
1998,"W,9-7",1,0,0,0,-0.121
1998,"L,0-8",0,0,1,1,0.063
1998,"W,13-7",2,0,0,1,0.060
1998,"W,4-3",1,0,0,0,-0.126
1998,"W,17-13",0,0,0,1,-0.044
1998,"W,3-1",2,0,2,0,0.051
1998,"W,7-5",1,0,0,0,-0.016
1998,"W,6-3",1,0,1,0,-0.041
1998,"W,11-2",2,1,0,0,0.103
1998,"W,8-3",3,0,0,0,0.146
1998,"L,1-2",0,0,0,0,-0.133
1998,"W,3-2",1,0,2,0,0.357
1998,"W,5-3",2,1,0,1,0.108
1998,"W,9-1",1,0,0,0,-0.022
1998,"W,8-4",2,0,1,0,0.027
1998,"W,5-4",1,0,0,0,0.028
1998,"W,1-0",1,0,1,0,0.038
1998,"L,2-5",1,0,0,0,0.001
1998,"W,8-5",3,1,0,0,0.151
1998,"W,9-8",1,0,0,1,0.106
1998,"W,2-1",0,0,0,0,-0.155
1998,"W,12-6",2,1,0,0,0.162
1998,"W,10-1",1,0,0,0,-0.056
1998,"W,7-2",3,0,0,0,0.084
1998,"W,15-13",4,1,0,0,0.309
1998,"W,5-1",1,0,0,1,0.136
1998,"L,1-8",1,0,0,0,0.012
1998,"W,7-0",3,0,0,1,0.096
1998,"W,3-2",1,0,0,1,-0.013
1998,"W,8-6",2,1,0,1,0.201
1998,"L,5-7",2,0,0,0,-0.106
1998,"L,6-7",2,1,0,0,0.123
1998,"W,5-2",4,0,0,0,0.205
1998,"W,4-0",1,0,1,1,0.019
1998,"W,9-5",1,0,0,0,-0.166
1998,"W,9-6",3,0,0,0,0.213
1998,"W,3-1",0,0,0,1,-0.061
1998,"L,4-5",0,0,1,1,0.071
1998,"W,12-3",2,0,0,0,-0.014
1998,"W,14-4",3,0,0,0,0.022
1998,"W,12-0",3,0,0,0,0.106
1998,"W,7-5",0,0,1,2,0.020
1998,"L,9-12",0,0,0,1,0.005
1998,"W,8-3",1,0,1,1,-0.070
1998,"W,6-2",1,0,0,1,0.041
1998,"L,2-3",1,0,0,0,-0.095
1998,"L,7-13",2,0,1,0,-0.040
1998,"W,5-4",0,0,0,0,-0.306
1998,"W,6-3",2,1,0,0,0.211
1998,"W,7-1",2,0,0,0,0.133
1998,"L,4-7",0,0,0,1,-0.050
1998,"W,5-3",1,0,0,0,-0.002
1998,"L,0-11",1,0,0,1,0.009
1998,"W,6-4",1,0,0,0,-0.091
1998,"L,2-7",1,1,0,0,0.066
1998,"W,10-6",1,0,0,0,-0.019
1998,"W,6-0",0,0,0,1,0.030
1998,"W,8-4",2,0,0,0,0.034
1998,"W,7-2",1,0,0,0,0.004
1998,"L,1-2",1,0,0,0,-0.048
1998,"W,9-2",1,0,0,1,0.045
1998,"W,5-2",0,0,0,0,-0.108
1998,"W,9-8",3,1,0,0,-0.089
1998,"W,3-2",2,0,0,0,0.113
1998,"W,4-3",2,0,1,1,0.094
1998,"W,1-0",1,0,0,1,-0.022
1998,"W,2-0",0,0,0,0,-0.048
1998,"W,8-4",1,0,0,0,-0.077
1998,"W,2-0",0,0,0,0,-0.150
1998,"W,9-2",2,0,0,0,-0.030
1998,"L,1-4",2,0,0,0,-0.100
1998,"W,7-1",2,0,0,0,-0.072
1998,"W,11-0",0,0,0,0,-0.055
1998,"L,1-3",1,0,0,0,-0.045
1998,"L,6-9",4,0,0,0,0.136
1998,"W,10-3",2,0,0,0,-0.119
1998,"L,3-9",1,0,0,1,0.029
1998,"L,3-4",4,0,2,1,0.159
1998,"W,4-3",2,0,0,1,0.152
1998,"W,5-1",2,1,2,1,0.151
1998,"W,13-2",1,0,0,1,0.004
1998,"W,5-4",0,0,0,1,-0.065
1998,"L,2-6",2,0,0,0,-0.002
1998,"W,6-3",0,0,1,0,-0.037
1998,"W,9-3",2,1,0,0,0.054
1998,"L,5-10",2,1,0,0,0.089
1998,"W,3-0",1,0,1,1,0.145
1998,"W,5-3",1,0,0,0,0.001
1998,"W,5-2",2,1,0,1,0.167
1998,"L,3-6",1,0,0,0,0.049
1998,"W,14-1",2,0,0,1,0.099
1998,"W,10-4",2,0,0,1,0.083
1998,"W,10-5",1,0,0,0,0.230
1998,"L,1-3",1,0,1,0,-0.031
1998,"W,8-2",1,0,1,2,0.048
1998,"W,14-2",0,0,0,0,-0.073
1998,"W,14-1",2,0,0,0,0.076
1998,"W,5-4",1,0,1,1,0.185
1998,"W,7-3",2,0,0,0,0.163
1998,"W,7-0",3,0,0,0,0.099
1998,"W,11-2",1,0,0,0,-0.036
1998,"W,2-0",0,0,0,0,-0.031
1998,"W,6-4",2,0,0,0,0.004
1998,"L,5-16",2,0,0,1,-0.002
1998,"W,6-5",3,1,0,0,0.040
1998,"W,7-1",0,0,0,2,-0.023
1998,"W,3-2",1,0,0,2,0.037
1998,"L,3-5",0,0,0,1,0.032
1998,"L,4-9",1,0,0,0,-0.051
1998,"W,5-0",2,1,0,1,0.121
1998,"W,12-9",3,0,0,1,0.380
1998,"L,10-12",3,0,0,0,0.024
1998,"L,3-7",0,0,0,1,-0.028
1998,"L,6-7",4,0,0,0,-0.160
1998,"L,4-6",1,0,0,0,0.021
1998,"W,7-6",2,0,1,0,0.367
1998,"W,6-5",2,0,0,3,0.340
1998,"W,10-3",1,0,0,0,-0.035
1998,"W,11-6",3,1,0,0,0.079
1998,"L,3-13",1,0,0,0,-0.008
1998,"W,7-0",1,0,0,0,0.039
1998,"L,0-2",2,0,0,0,-0.077
1998,"W,11-6",2,0,1,0,0.206
1998,"L,5-9",1,0,0,1,-0.013
1998,"L,5-6",0,0,0,0,-0.039
1998,"L,3-4",1,0,1,0,0.049
1998,"W,3-2",0,0,0,2,0.016
1998,"W,7-5",2,2,0,0,0.152
1998,"W,8-5",0,0,0,0,-0.116
1998,"L,4-5",0,0,0,0,-0.124
1998,"L,3-5",1,0,1,0,0.129
1998,"L,3-5",1,0,0,1,0.052
1998,"W,3-0",0,0,0,0,-0.077
1998,"L,4-9",1,0,0,0,-0.023
1998,"L,0-7",1,0,0,1,-0.059
1998,"W,4-0",1,0,0,0,-0.043
1998,"W,15-5",1,0,1,1,-0.007
1998,"L,3-5",2,0,1,0,0.009
1998,"W,5-4",3,0,0,1,0.104
1998,"L,1-4",2,0,0,1,0.095
1998,"W,5-1",0,0,0,0,0.011
1998,"W,8-4",0,0,0,0,-0.125
1998,"W,5-2",1,0,0,0,0.146
1998,"W,6-1",2,0,0,0,0.071
1998,"W,3-1",1,0,0,0,-0.030
1998,"W,8-3",1,0,0,0,-0.021
1997,"L,2-4",0,0,0,0,-0.084
1997,"W,16-2",1,0,0,1,-0.026
1997,"L,2-4",3,0,1,1,0.324
1997,"W,10-5",4,0,1,0,0.022
1997,"L,0-3",2,0,0,0,0.020
1997,"W,5-3",3,0,0,2,0.187
1997,"L,9-10",3,0,0,0,0.197
1997,"W,12-5",1,0,0,1,0.095
1997,"L,1-3",1,0,0,1,-0.045
1997,"W,3-2",2,1,0,0,0.089
1997,"L,4-7",0,0,0,1,-0.019
1997,"L,1-5",0,0,0,1,-0.016
1997,"L,5-6",1,0,0,2,0.118
1997,"L,4-7",1,0,0,0,-0.035
1997,"L,4-5",0,0,0,2,-0.036
1997,"W,10-4",0,0,0,1,-0.033
1997,"W,3-2",1,0,0,1,-0.008
1997,"L,7-8",1,0,1,1,0.033
1997,"W,4-3",3,0,1,1,0.051
1997,"W,10-2",1,0,0,0,0.043
1997,"W,10-5",2,0,0,0,0.092
1997,"L,3-9",3,0,0,0,0.060
1997,"W,10-2",0,0,0,0,-0.066
1997,"W,7-1",0,0,0,1,0.022
1997,"W,6-5",0,0,0,0,-0.145
1997,"L,5-7",0,0,0,0,-0.115
1997,"W,3-2",1,0,1,1,-0.017
1997,"W,9-1",0,0,0,0,-0.025
1997,"L,1-2",0,0,0,0,-0.145
1997,"W,13-5",2,0,0,0,0.061
1997,"L,8-9",1,1,0,1,-0.005
1997,"W,7-2",1,1,0,1,0.083
1997,"W,5-2",2,0,0,0,0.058
1997,"W,5-4",1,0,0,0,-0.029
1997,"L,5-7",2,1,0,0,0.136
1997,"W,5-2",1,0,0,0,-0.036
1997,"W,3-2",1,0,0,0,-0.009
1997,"W,11-2",2,0,0,0,-0.009
1997,"W,6-5",2,0,0,0,0.059
1997,"W,8-2",1,0,0,0,-0.029
1997,"L,0-6",0,0,0,0,-0.066
1997,"W,11-5",0,0,0,1,-0.030
1997,"L,2-4",2,0,0,0,-0.137
1997,"L,0-2",2,0,0,0,-0.042
1997,"L,1-4",0,0,0,0,-0.135
1997,"L,2-8",0,0,0,0,-0.083
1997,"L,3-9",1,0,0,0,-0.072
1997,"W,4-2",0,0,0,0,-0.140
1997,"L,6-8",1,0,1,1,0.101
1997,"L,6-10",0,0,0,2,-0.001
1997,"W,6-4",0,0,0,0,-0.104
1997,"W,4-0",2,0,0,0,-0.019
1997,"L,4-10",0,0,0,0,-0.116
1997,"W,7-2",1,0,1,1,0.024
1997,"W,11-6",0,0,0,1,-0.122
1997,"W,5-2",1,0,1,1,-0.022
1997,"L,5-7",2,0,0,0,-0.011
1997,"L,7-9",2,0,0,0,0.011
1997,"W,6-3",1,0,0,1,0.089
1997,"W,2-0",0,0,0,2,-0.025
1997,"W,3-1",1,0,0,1,-0.010
1997,"W,12-1",3,0,1,1,0.109
1997,"W,7-5",0,0,0,1,-0.145
1997,"L,1-2",1,0,0,1,0.162
1997,"W,8-5",1,0,0,1,0.077
1997,"L,5-6",0,0,0,0,0.011
1997,"L,0-6",1,0,0,0,-0.029
1997,"W,6-3",3,0,0,0,0.185
1997,"W,3-2",2,0,0,0,-0.084
1997,"W,7-1",3,0,1,0,0.092
1997,"L,4-13",1,0,0,0,0.005
1997,"L,2-5",1,0,0,0,-0.045
1997,"W,5-2",1,0,0,1,0.064
1997,"W,12-9",0,0,0,1,-0.068
1997,"W,3-2",2,0,1,0,0.008
1997,"L,8-12",3,0,0,0,0.148
1997,"W,11-10",2,0,0,0,0.116
1997,"W,1-0",2,0,0,0,-0.067
1997,"L,1-3",3,0,0,1,0.070
1997,"L,0-2",0,0,0,0,-0.146
1997,"W,3-1",1,0,0,0,-0.063
1997,"L,0-1",1,0,0,0,-0.038
1997,"W,8-0",2,0,0,1,0.093
1997,"L,0-2",0,0,0,0,-0.154
1997,"W,10-3",4,0,0,0,0.103
1997,"W,3-0",0,0,1,2,-0.002
1997,"W,6-2",2,0,0,0,0.049
1997,"L,1-3",1,0,0,0,-0.075
1997,"L,2-3",1,0,0,0,-0.106
1997,"W,12-6",1,0,0,0,0.022
1997,"W,11-5",2,0,0,1,0.051
1997,"W,4-2",0,0,1,0,-0.008
1997,"L,4-6",2,0,0,0,-0.057
1997,"W,8-0",2,0,0,0,0.003
1997,"L,2-6",1,0,0,0,-0.043
1997,"W,7-3",2,0,1,1,0.061
1997,"W,9-2",1,0,1,0,-0.011
1997,"W,5-4",1,0,0,1,0.096
1997,"L,1-8",0,0,0,0,-0.062
1997,"L,7-9",2,0,0,0,-0.053
1997,"L,2-3",0,0,0,1,-0.277
1997,"W,4-3",1,0,0,0,-0.272
1997,"W,7-4",1,0,0,1,0.053
1997,"W,7-0",3,0,0,0,0.106
1997,"W,8-3",2,0,0,0,0.042
1997,"L,4-5",1,0,0,1,0.179
1997,"W,6-5",1,0,0,0,-0.048
1997,"W,5-4",0,0,0,0,-0.085
1997,"W,4-1",1,0,0,0,-0.037
1997,"L,2-6",2,0,0,1,0.099
1997,"W,4-2",2,1,0,0,-0.012
1997,"L,1-9",1,0,0,0,-0.015
1997,"W,4-1",0,0,1,1,0.099
1997,"W,9-6",3,0,1,0,-0.005
1997,"W,11-0",2,0,0,1,0.033
1997,"L,4-6",0,0,0,1,-0.015
1997,"W,9-3",1,0,0,1,0.128
1997,"W,10-5",2,0,0,1,0.032
1997,"W,5-2",2,0,0,0,0.083
1997,"L,5-8",1,0,0,0,-0.104
1997,"W,8-0",0,0,1,2,0.094
1997,"L,4-12",0,0,0,1,-0.028
1997,"W,7-3",2,0,1,0,0.027
1997,"W,8-5",3,2,0,0,0.219
1997,"W,4-3",3,0,0,0,0.226
1997,"L,5-9",1,1,0,0,-0.051
1997,"W,10-8",2,0,0,1,0.315
1997,"L,3-5",0,0,0,1,-0.181
1997,"W,18-2",1,0,0,1,0.053
1997,"L,7-8",1,0,1,1,0.142
1997,"L,3-4",0,0,0,0,-0.212
1997,"L,2-7",1,0,0,0,-0.004
1997,"W,3-2",0,0,0,1,0.068
1997,"L,1-5",0,0,0,0,-0.070
1997,"L,0-5",1,0,0,0,-0.061
1997,"L,4-5",2,0,0,1,0.102
1997,"L,2-5",1,0,0,0,-0.045
1997,"L,9-13",2,0,0,0,-0.026
1997,"L,1-4",0,0,0,0,-0.087
1997,"W,10-3",2,0,0,0,0.022
1997,"W,8-6",2,0,1,0,0.054
1997,"L,2-5",1,0,0,0,-0.100
1997,"W,14-2",1,0,0,0,0.142
1997,"W,13-5",1,0,1,2,0.056
1997,"L,1-6",0,0,0,0,-0.027
1997,"W,8-2",2,0,0,0,-0.058
1997,"W,7-6",3,0,0,0,0.486
1997,"W,2-0",1,0,0,0,-0.125
1997,"W,6-2",0,0,0,0,-0.052
1997,"L,7-9",2,0,1,1,0.109
1997,"L,0-3",0,0,0,2,0.023
1997,"W,4-3",1,0,0,2,0.295
1997,"W,5-4",1,1,0,0,-0.030
1997,"W,8-1",0,0,0,2,0.027
1997,"W,8-4",2,1,0,0,0.071
1997,"W,5-4",1,0,0,1,-0.041
1997,"W,8-2",0,0,0,2,0.036
1997,"W,6-1",2,0,0,0,-0.051
1997,"W,7-2",1,0,0,0,0.056
1996,"W,7-1",1,1,0,0,0.043
1996,"W,5-1",3,0,1,1,0.102
1996,"L,2-4",0,0,0,2,-0.022
1996,"L,2-7",1,0,1,0,-0.076
1996,"L,1-4",0,0,0,0,-0.066
1996,"W,7-3",1,0,0,1,0.024
1996,"W,5-3",0,0,0,2,0.006
1996,"W,4-3",1,0,0,0,0.048
1996,"L,6-10",1,0,0,1,0.060
1996,"W,12-3",1,0,0,2,0.016
1996,"L,3-6",2,0,0,0,-0.013
1996,"L,4-8",1,0,0,0,-0.057
1996,"L,1-7",0,0,0,0,-0.052
1996,"W,7-6",1,0,0,0,-0.067
1996,"W,6-2",3,0,0,0,0.119
1996,"L,2-5",0,0,0,0,-0.122
1996,"W,10-8",2,0,1,0,0.138
1996,"L,3-4",0,0,0,0,-0.268
1996,"W,5-4",0,0,0,0,-0.063
1996,"L,6-8",0,0,0,3,0.114
1996,"W,6-3",0,0,0,0,-0.192
1996,"W,13-10",2,0,0,1,0.001
1996,"W,11-6",1,0,0,1,0.293
1996,"W,5-1",0,0,0,0,-0.055
1996,"W,2-0",1,0,0,0,-0.030
1996,"L,5-11",1,0,0,1,0.082
1996,"W,7-1",1,0,0,0,0.025
1996,"W,10-5",3,0,0,0,0.052
1996,"W,12-5",2,0,0,0,0.039
1996,"W,10-3",1,0,0,0,-0.062
1996,"L,2-4",1,0,0,2,0.093
1996,"L,2-5",0,0,0,0,-0.105
1996,"L,5-7",1,0,0,0,-0.101
1996,"W,9-8",1,0,0,0,-0.076
1996,"W,2-0",1,0,0,0,-0.040
1996,"L,5-10",0,0,0,1,-0.039
1996,"W,8-5",2,0,0,0,0.068
1996,"W,7-3",0,0,0,1,0.057
1996,"L,1-10",0,0,0,1,-0.006
1996,"W,7-3",0,0,0,2,0.005
1996,"L,1-5",1,0,0,0,-0.052
1996,"W,4-3",2,0,0,0,-0.002
1996,"L,4-10",2,1,0,0,0.014
1996,"W,5-4",0,0,0,0,-0.052
1996,"L,3-4",1,0,0,0,-0.088
1996,"W,16-5",0,0,0,2,-0.056
1996,"L,0-4",0,0,0,0,-0.066
1996,"W,4-1",0,0,1,1,-0.057
1996,"W,11-4",2,0,2,1,0.019
1996,"W,5-4",1,0,0,0,-0.029
1996,"L,7-12",2,1,0,0,-0.024
1996,"W,8-1",1,0,0,0,-0.034
1996,"L,5-6",0,0,0,1,-0.035
1996,"L,7-9",2,0,0,0,-0.016
1996,"W,3-2",2,0,0,0,0.045
1996,"W,5-3",1,0,0,0,-0.028
1996,"W,6-4",3,0,0,0,0.085
1996,"L,4-7",0,0,0,0,-0.118
1996,"L,2-6",1,0,0,0,0.081
1996,"W,4-3",1,0,0,0,0.124
1996,"L,3-10",0,0,0,0,-0.157
1996,"W,5-4",0,0,0,0,-0.017
1996,"L,3-6",1,0,0,0,-0.051
1996,"W,2-0",0,0,0,0,-0.070
1996,"W,8-7",1,0,0,0,0.096
1996,"W,9-3",3,0,0,0,0.010
1996,"W,11-9",0,0,0,0,-0.106
1996,"W,6-5",1,0,0,1,-0.009
1996,"L,0-3",1,0,0,1,0.039
1996,"L,1-6",1,0,0,0,-0.019
1996,"W,6-2",1,0,0,0,-0.017
1996,"W,2-1",1,0,0,1,0.071
1996,"W,3-2",0,0,0,0,-0.093
1996,"L,4-7",2,0,0,0,0.010
1996,"W,4-3",0,0,0,1,-0.103
1996,"L,1-9",1,0,0,0,-0.036
1996,"W,2-0",0,0,0,0,-0.086
1996,"W,7-5",4,0,0,0,0.247
1996,"W,4-1",1,1,0,0,0.042
1996,"W,12-3",0,0,0,1,-0.001
1996,"W,2-0",0,0,0,0,-0.162
1996,"L,1-4",3,0,0,0,0.075
1996,"W,4-2",1,1,0,0,0.201
1996,"W,3-2",1,0,0,0,0.002
1996,"W,7-5",1,0,0,0,-0.041
1996,"W,4-1",1,0,0,1,-0.041
1996,"L,6-8",2,0,0,1,0.031
1996,"W,9-5",1,0,0,0,0.043
1996,"L,11-12",2,0,0,0,-0.169
1996,"L,4-16",0,0,0,0,-0.068
1996,"L,5-7",3,0,0,0,0.008
1996,"W,4-2",1,0,0,0,-0.044
1996,"L,2-3",2,0,0,0,-0.005
1996,"L,1-6",1,0,0,0,-0.045
1996,"W,6-0",0,0,0,0,-0.051
1996,"W,4-2",2,0,0,0,0.081
1996,"L,0-7",3,0,0,0,0.007
1996,"W,15-1",2,0,0,1,0.017
1996,"W,5-4",2,0,1,0,-0.049
1996,"W,3-2",1,0,0,0,-0.132
1996,"L,2-15",1,0,0,0,-0.025
1996,"L,2-9",2,0,0,0,0.013
1996,"W,6-5",0,0,0,0,-0.084
1996,"L,3-4",1,1,0,0,0.058
1996,"L,4-11",1,0,0,0,0.043
1996,"W,5-3",2,0,0,0,0.032
1996,"W,5-2",4,0,0,0,0.193
1996,"W,9-2",3,0,1,0,0.049
1996,"L,4-8",0,0,0,0,-0.118
1996,"W,8-4",1,0,0,1,0.010
1996,"L,3-5",1,0,0,0,-0.085
1996,"L,7-13",2,0,0,0,0.072
1996,"W,12-0",3,0,1,0,-0.012
1996,"L,2-3",1,0,0,0,-0.097
1996,"L,4-8",3,0,0,1,0.075
1996,"W,3-1",2,1,0,0,0.089
1996,"L,5-6",1,0,0,1,-0.076
1996,"L,3-10",0,0,0,0,-0.040
1996,"L,12-13",3,0,0,0,0.062
1996,"W,10-4",1,0,0,1,0.090
1996,"W,17-6",1,0,1,0,0.019
1996,"L,1-7",2,1,0,0,0.112
1996,"L,3-12",0,0,0,1,-0.042
1996,"W,5-3",0,0,0,0,-0.017
1996,"W,5-4",0,0,0,2,-0.062
1996,"L,4-6",1,0,0,0,-0.132
1996,"L,1-2",0,0,0,1,-0.132
1996,"L,4-7",1,0,0,0,-0.039
1996,"L,2-10",2,0,0,0,-0.061
1996,"L,3-14",1,0,0,0,-0.014
1996,"W,6-2",0,0,0,0,-0.041
1996,"W,14-3",2,0,0,0,0.057
1996,"L,0-4",2,0,0,0,0.034
1996,"W,5-0",1,0,0,0,-0.049
1996,"L,9-10",1,0,0,1,-0.012
1996,"W,10-3",3,0,1,0,0.072
1996,"W,4-3",0,0,0,1,-0.051
1996,"L,2-3",1,0,0,0,0.001
1996,"L,2-4",2,0,0,0,0.066
1996,"W,9-8",3,0,0,0,0.192
1996,"W,7-3",2,0,1,0,0.202
1996,"W,12-3",1,0,0,0,-0.012
1996,"W,4-1",2,0,0,0,0.036
1996,"W,3-1",1,0,0,0,-0.003
1996,"L,1-3",1,1,0,0,0.023
1996,"W,10-0",2,0,0,0,0.041
1996,"W,3-2",2,0,0,0,0.087
1996,"W,9-3",1,0,0,0,0.111
1996,"L,9-10",2,0,0,0,-0.021
1996,"L,2-4",1,0,0,0,-0.039
1996,"W,12-11",3,0,0,1,0.266
1996,"W,4-3",2,0,1,1,0.115
1996,"L,3-4",1,0,1,1,-0.135
1996,"W,19-2",1,0,0,0,0.086
1996,"L,5-7",0,0,0,0,-0.144
1996,"W,4-2",0,0,0,0,-0.069
1996,"L,5-6",1,1,0,0,-0.065
1995,"L,7-8",0,0,0,0,-0.231
1995,"L,3-7",2,0,0,1,0.066
1995,"L,9-11",1,0,0,1,0.072
1995,"L,2-3",0,0,0,0,-0.072
1995,"L,2-4",1,0,0,0,0.045
1995,"W,11-3",2,0,0,0,0.055
1995,"L,5-11",0,0,0,0,-0.053
1995,"L,6-8",1,0,0,0,-0.082
1995,"W,6-1",1,0,0,1,-0.014
1995,"L,3-8",1,0,0,0,0.058
1995,"L,1-11",0,0,0,0,-0.022
1995,"L,2-3",1,0,0,0,-0.023
1995,"W,10-7",1,0,0,0,-0.030
1995,"W,13-3",0,0,0,0,
1995,"W,5-4",1,0,0,0,0.105
